x1,x2,x3,x4,x5,x6,x7,x8,x9,x10,class
-2.290408033842964,10.465819375995705,5.601897299701528,2.4209377324989947,-8.460576102041895,-5.937172879003955,-5.0742787636859426,10.014363007808658,5.20867348814297,3.1390202030585383,0
-2.843433783686459,9.307713501064967,7.052896769244815,0.33929834196625985,-6.1422805734054675,-7.666787217930668,-8.780838110766375,9.880426640713301,2.4044983709039824,4.2543246522332065,0
-1.930860335237114,13.924886408020111,3.3643988677254697,0.9111757739370967,-8.125908244000799,-7.991063831596456,-10.113102011249046,9.701555977713806,4.863308730843885,3.0199589684219563,0
-4.160192016637773,8.371514444892334,5.46574174477935,0.8457205783327826,-8.524067982284134,-6.392735170292122,-8.348394614418565,6.309636564756444,1.0802236236275302,4.625551430636182,0
-5.345929088918814,5.49266850423677,1.5885662070879119,4.498337890795096,-7.983343482936164,-1.763711021939442,-9.966822953950787,7.6926255218927775,5.106520139999927,8.173637332239155,0
-11.77171186636258,8.623997638291083,8.03992833113999,-4.055013564948188,-6.9514345511863525,-6.475108306647457,-6.950902634170864,-0.2189297689684615,0.4196666998818872,-3.0250071638260287,1
-8.243162711678488,13.197960913030318,6.383585323243288,-7.70227639577576,-4.149339317284042,-6.57267213083852,-8.260494232837317,2.1899719869456007,-2.4317559990655306,-4.356483760647483,1
-4.534859863721598,9.64278079338887,2.82383068518568,-0.851437718729851,-3.948329653308162,-7.331662194249018,-8.703271347260163,4.47402654307179,0.9335347858138103,4.383296735340641,0
-1.2836498129276108,6.907455001851009,3.392340914836491,5.801232391674304,-7.260991992677964,-6.445243846916501,-7.098192295258502,8.314886691443913,2.3231380451513286,4.89137356085336,0
-10.045509944763989,7.409498294022861,1.5241854984178147,-6.135273311634815,-1.538269812632156,-4.762701227135276,-3.953675900278035,-0.030653025771778086,-1.3161678415335925,-3.0811789656887414,1
-9.863207143339334,11.303946137645763,9.873409331985727,-3.123388879266382,-3.083571597115202,-4.84765482078754,-3.76428786300606,-2.7088029911495797,-1.8532246034175823,-5.8619103866715445,1
-10.206728268183678,7.89388423205872,7.287201836846797,-3.072316894388188,-10.113845595149478,-6.101857644636489,-4.2354207319425266,1.8378087855456886,-0.9347063706823069,-5.679355859516799,1
-7.723926985563182,8.925086468801993,8.920093110374324,-7.965804811257746,-8.012528978913334,-7.5490892494107245,-4.973110556937276,-1.6179866528757483,1.0850665070329648,-4.693125996778825,1
-3.812033630281647,8.046514460089679,3.999184219839461,2.8215015767445646,-5.833956215080271,-8.027509601153104,-8.887036941157977,11.60806363272243,5.477386575065598,5.034098895268973,0
0.09428495574484597,12.137308521652027,4.7038871343596345,0.4663339432483651,-5.959682905273037,-8.23554033278016,-4.811553261582764,7.596593577664178,1.2916571322399584,4.530812167650725,0
-10.05004286177349,12.304718369881954,3.971641216561938,-4.367380540371254,-7.575222297375774,-2.8931539905167303,0.06987556552699115,-1.0381845429219385,-2.460213898974845,-2.4562414220795574,1
-1.5073632478039887,7.05917563860122,4.838543447086553,3.47594393068431,-10.218437753394014,-5.793389208516077,-10.163575274527703,8.464720252685021,0.49578192177914193,0.5516873545918708,0
-3.6270413175959266,9.768709878327364,7.770926894696782,1.8416691617947565,-7.990026244537667,-3.1177954543947664,-11.734355557468499,2.9259110022585393,2.9023291349708407,3.1573431072156866,0
-8.44205448760155,5.826464059371664,5.9295934711035105,-5.151003108050992,-5.995831623212979,-0.9458424749703305,-3.2155550916734303,-1.5129805610392633,-1.5520281213358311,-7.727909862972065,1
-4.488407263569912,8.762712287999026,4.75132866080549,4.161552720882629,-10.264556450580908,-3.821008954354719,-9.15434355379399,6.469760775603863,-0.0019085156561593486,0.8517382121893702,0
-8.586978671321532,9.497744417601806,6.6629791332647885,-7.073860065381371,-4.965843815452918,-5.489963914152544,-2.931117444823647,-0.5569410526904035,-5.667785466900174,-1.98111177253177,1
-12.343545115592425,8.268649034898,8.691619406867233,-1.5763322406946267,-9.535467280333904,-10.091758573209415,-0.17322479006568114,1.274356987386565,-3.097685090910418,-3.106159023794291,1
-3.019152057894461,12.0222721053637,-0.6620607805579226,4.1561833877856555,-4.3874568061560115,-11.026890058092246,-9.523702944796709,6.580641183507121,-0.7927231545714668,2.605818180739158,0
-5.935466681234505,11.722030876529146,4.410799145722866,4.4488023078876555,-10.068482508740004,-8.078859639183491,-8.827840357199644,7.417484103028187,1.1221692919056885,5.407151420615906,0
-12.81857374589497,11.727675752154228,5.179669662412337,-7.373722660463239,-5.962362261396102,-4.034635104073893,-5.9467987787660395,0.6184883323407006,-0.5034666264965393,-2.789205981512873,1
-2.5603057650356407,11.35974416671705,5.727079145416966,1.23194101976852,-5.33622976985458,-12.577194834536098,-6.540796355891803,3.844095357942504,1.2974183520579112,1.9221117666686212,0
-10.660237004312048,11.014312639802176,7.383427442811117,-2.076850432844232,-6.810432620601692,-7.030543395167719,-3.9539943525847105,-0.11123093302379361,0.23878417672641494,-7.408038412912337,1
-4.583689931705663,8.633608772031105,2.888642329458587,-0.7924297779879401,-5.027272096087987,-3.0612763123356856,-11.635462904274293,8.449461388879845,0.7210150966205218,3.1872007883915168,0
-9.851255305427287,11.050291386122899,5.775324341532,-8.966371987911835,-2.8643328474471463,-3.5690016455503506,-6.499680531020482,1.874544243135146,-2.3670491682603716,-3.648442765377042,1
-10.326864392576358,9.684973977924388,3.0963823502117958,-4.9359121634731355,-8.42224367222213,-9.037250374618392,-6.959873513245028,2.7205053826246077,-2.6196264145432626,-1.1079617762061629,1
-10.36257141366298,9.30737460737541,6.699629657093256,-9.59256409882979,-6.391176148046462,-7.711365351059671,-4.901400785608789,3.3823926395823856,-3.874113415716198,-2.5490068225432068,1
-2.751093920268313,9.853351016012377,2.864894480623901,1.098253083293911,-5.434864475495727,-7.625775897459481,-5.3844000541692,6.524250544269498,2.4716696863679477,6.026633219667088,0
-4.230024353620655,8.24517503973867,6.652464454656982,0.8193859448944345,-5.208242967020986,-9.139523302591183,-7.7787194008054446,10.206660156814504,-2.920988765390403,2.567661044979955,0
-2.4331906667163494,9.254348781634844,5.866914781688934,-0.07241544645607911,-7.3943802659979605,-10.217277741031126,-8.039881511425452,8.617914794904186,1.0559273102654276,7.309425082500974,0
-1.916957068923598,9.5363966725581,4.650105749513023,1.5039954171904382,-9.710368675252099,-7.721400238806664,-9.52375678968955,5.718968377055465,1.6997288115321574,4.969553269549985,0
-1.8256856714984313,12.766627806630094,6.540726512600202,0.8193623726159258,-8.676456533847986,-5.896271250262935,-11.478794170677295,10.98644044720741,4.381180476306749,3.2231002517114993,0
-10.797799443160377,4.987064929041748,8.4429852097827,-3.2034677038770325,-5.060456673178976,-8.607281143780957,-4.318138208704282,0.48208600218584113,-0.16351084803386473,-2.8387362186029996,1
-8.229563548170944,7.100608972922574,7.9814778178268595,-4.828035200726575,-9.815114113439181,-7.687039107602634,-1.5269363347145006,-1.467202429634606,-2.2899081517764603,-3.251295409535368,1
-6.585446693408458,6.998113506363513,0.89829499417639,1.2701427158581147,-6.8427904327721665,-3.5272349687253812,-8.184473009107686,6.8853218578809745,3.681111397231154,-0.2608190620948614,0
-1.3413412524008224,8.295701946624202,5.82118849761272,4.1905768451065475,-5.238662828756542,-5.865561531061351,-6.704978377457703,9.662114096390049,4.78661821693923,5.458871331100195,0
-5.405366306047398,6.199358579445211,3.2029903937232294,1.5462753805170375,-6.257812059955261,-3.9293971593768426,-7.123008510231972,7.003645855571849,1.984267819058798,2.156392826645291,0
-7.636676675394533,11.235105931124714,4.157418063115667,-5.6433495644347795,-7.782660365356333,-8.848919624281994,-4.349189241657986,-0.12183694426688219,3.4923333455333596,-3.309497545317769,1
-7.637914854519091,10.400385383119577,7.028016049205922,-3.7511256013001946,-11.769965241856461,-4.976159163869508,-5.223306507064093,-3.1661371610681566,-0.33869442810772377,-1.4281001057132459,1
-11.769108268969642,12.220061802732426,6.451676551439912,-5.715518540544782,-4.947071809344873,-5.865477540404321,-2.008881872982755,1.0693769630484056,-2.585974376438561,-3.452410145626958,1
-12.790118071036982,7.741202993679394,6.442343295710341,-9.039595408742812,-6.71520946472213,-3.0089694714752873,-3.873382164217322,0.9565304440821243,-3.8814291575028457,-5.408140012118116,1
-11.128302246478865,6.805963714740097,5.736611161060059,-5.390364546206534,-5.173441724186858,-7.446755909147966,-4.741150785096114,-1.3582679850498642,-1.423977967907238,-5.872274464420791,1
-2.452835308314494,8.996048134909914,6.811669967891257,2.9225661497006374,-6.9296811086415575,-5.244576994875373,-6.057912658601383,8.439143528202427,2.0430054745509367,1.5377790912205898,0
-9.454328679634207,10.430075478648085,3.5237611022353503,-6.811323141127066,-4.774971296614334,-8.840488649269822,-3.328039276475987,-2.218034976602053,-0.4282396622906325,-4.246700160634129,1
-13.145485282096985,10.03750069507784,5.640493153993093,-5.916263132637769,-5.668147688781315,-7.306366931158428,-5.266571299132469,0.5634334676208065,-3.5355915048832904,-6.347067453809532,1
-12.436224418984242,8.864892384771057,5.790363975411112,-4.576111246893038,-9.559749359625483,-5.407564470767438,0.13346410576445944,-2.2312193765408637,-0.9816872919368939,-5.499381551632379,1
-1.204551866225911,5.861501814229823,7.592959535679893,4.733352392235635,-8.130752594170328,-6.088502526401129,-7.850267384070532,7.844870447146517,0.9216899271733354,2.818204820044806,0
-10.329326311264008,6.5870630048826015,6.680089483907642,-3.9486634388611828,-8.179013016151828,-3.293341955647786,-2.893570963754056,2.556289803892872,-2.6767687348619593,-2.46636674190593,1
-10.105902239418155,12.59549138424932,7.770691711890914,-6.3441784224927975,-4.969591846836517,-6.999548782443344,-1.568905865635963,1.234413017040945,-1.575703915166143,-3.279983344418606,1
-10.42069892385446,7.1380583651591705,5.7488271000168085,-3.238919352709331,-7.434170829890434,-5.615002566512083,-5.3770676922401925,2.0109723324919964,0.009915850422723027,-0.47819952944633837,1
-10.100669619074711,8.915202151498328,6.525324416288178,-4.794334750262349,-4.614466507592942,-7.631440256627858,-6.321556851587534,-1.5889601918414487,-2.3355054695475395,-4.879259831672179,1
-5.070056328045316,12.523874492167051,0.4760200204606573,5.366082420520808,-6.457592256746033,-7.073535817016731,-9.92816593025391,8.121795144202846,1.947030830014479,6.368055319953951,0
-10.801710703614544,9.820764427798832,9.049010728862157,-6.737022681446887,-10.116606067941735,-5.092486910999051,-5.185879918460504,-1.8842046855359653,-2.6097904065841333,-4.544467911350861,1
-3.484410071197737,8.14916975255908,5.428783120984695,1.131200722300206,-6.300077477358444,-2.729307995985069,-7.096078349772625,6.671475851163021,4.424728079192065,3.345300809877806,0
-6.803379513955294,8.89810401404198,7.22624007456815,-5.2325741088920354,-6.6321181387990835,-4.7102932566117595,-2.3281776997048196,-3.0019353138316043,1.24758085859862,-7.50040117211051,1
-8.751513672306583,12.201394229132745,7.949753001080714,-8.759378389954113,-4.25960542041215,-8.32803105756015,-4.683097684713949,0.9955290451481462,2.6302353524102435,2.0444199159715604,1
-4.054848052127894,8.540648914718304,3.6691517405698946,2.136917962713377,-2.2503100578042528,-10.614639978459444,-7.465807375886984,4.0980911731194,1.0784365032853087,6.339352749855641,0
-2.351927242420569,5.017884759134106,6.472534185633064,2.6661466357367174,-4.883606971431965,-12.672620349663326,-4.661578347074555,7.044343659188356,4.238665868339209,2.081639701669847,0
-1.2934046036196718,9.387504374511037,3.7470116071270447,2.361349669737347,-4.7323636914317255,-8.933140192098067,-8.572388408342258,5.923281285620357,4.412393492713861,1.1150777463533594,0
-8.6497749344669,6.327052796825674,8.162430175982399,-4.5282801984072725,-8.396866913010982,-6.820070750279727,-3.993769716064508,0.22613506384129184,-0.6933796940206158,-1.3126836323767943,1
-3.4138102615509034,4.166527474940408,1.4720731892566548,3.493998996229327,-5.308026873849606,-6.029194469706017,-10.772280042894437,7.228100203214743,2.0150951566830386,1.8447221775358233,0
-14.648885159576611,8.826188599479664,8.850772086005577,-1.8365228779932892,-8.822599844762822,-5.33851135645828,-4.845776054369352,0.28323192403648595,3.9275870668763844,-7.181357852829468,1
-8.247348879601526,7.254482577159575,3.541335283976307,-4.117438470384419,-5.610681603662955,-8.136012911646345,-5.654481303358635,2.745998201474296,-3.739923412892341,-0.8900712895272345,1
-11.163877617900429,8.156501846737655,6.312565178838857,-6.697398941828732,-10.322100276609563,-4.836089290696256,-6.060641192288859,0.9736223608670563,2.7870657123422617,-6.014186379212008,1
-11.875762528725275,9.615316454792932,6.582392834719514,-6.169451500979556,-6.620575678735849,-10.095607893926601,-5.0126049562911685,0.6808184349269867,-1.0413868431628845,-6.230767477891078,1
-0.7099978721862488,9.62888516995154,6.265603073906021,3.2324273677879565,-8.537617212995414,-8.000471673669885,-7.343740546389487,8.544263446365633,1.9804970469358794,4.396106322538473,0
-0.7645563496113938,9.380970139675025,9.019484702663446,0.35657311323042906,-8.559070875512822,-8.07889488416399,-13.086119205255624,6.272012872137181,0.5040349117567797,4.462239128873324,0
-5.7642824988190755,9.110456021521086,5.159323839671065,0.16453643373191484,-5.602442273596522,-10.203149717813867,-8.970487353930643,4.90149051597379,0.7186280192598573,4.256248898553737,0
-11.385878210730208,6.737569791761906,6.270612034454369,-3.9099175625855582,-6.618598896613056,-3.3095999424366287,-6.817506520912364,0.47095073695264816,-3.8658865159839233,-3.4481534307892256,1
-10.482953905401454,11.960229766710112,6.784563837063242,-4.047670436190038,-5.394035021269038,-8.024623112913071,-5.20225480544417,2.5550502678070797,-2.030650291370767,-4.982714122523155,1
-5.352818956536438,12.016953432109295,3.99451915854383,1.4715036510306372,-4.223238907453155,-5.767649574474627,-7.926552212472795,11.653527605300871,0.7352637741038897,6.017131812083383,0
-9.2354270035295,8.664141365073242,4.993672374710997,-5.580930020341728,-8.507778679829201,-12.174610769920537,-3.0420355324939097,2.302998314817148,-6.086964498241362,-6.194878605459037,1
-5.819137502214733,12.484684099784264,5.671153972435888,-7.992452653012499,-6.08172816203558,-9.868788534057026,-3.2688197124396825,0.1999234600474199,-2.2931726308941696,-7.364823330572753,1
-11.210025136504628,6.8830413254106535,6.180813097794473,-4.820501037541808,-4.388831622679784,-6.4838118502163695,-4.554850187318934,0.798644617142238,-3.031385430417731,0.0036602473503855038,1
2.2976335474238,8.89904853413115,5.0420769296580366,4.0744784759559565,-4.668575325235302,-4.506048982155186,-7.560867312577641,5.037513090037736,5.2891632994663675,1.868760769883533,0
-10.049111542495485,7.549730754703277,8.429249638258009,-3.6827191169869717,-10.055876380334176,-8.190931523316143,-6.908213650989404,-0.8049192361690392,-1.527975566738407,-7.074707635436221,1
-1.9374668416029404,9.68319970817237,5.9569673815737625,5.993578761473431,-7.233521646139369,-8.476704082352853,-11.596966212665064,5.861662835614865,1.9560462891165815,7.750567282956484,0
-2.0649300797853245,8.056788884871366,7.151391087375143,0.18395507950172418,-7.253370479473988,-7.7595717098242964,-5.944371987928545,7.716632468521852,4.085989313801445,1.190330809846965,0
-7.761140861617452,7.791839141879196,9.634229953927479,-6.295464988519615,-6.40623524455486,-7.82633316122697,-8.763635661355128,2.2632194253668567,0.11258816702718155,-4.738072310275588,1
-7.81453533388935,8.55667345587778,1.4404251027541672,-5.355321492841488,-5.490023552390968,-5.523320293007928,-1.4435907571649373,-1.6469787266533404,-0.0006674162567863462,-1.7904021710832114,1
-3.601686519557716,9.797894139003414,1.6820556986798438,2.339889523499043,-6.9102468894972615,-5.72152659407377,-8.599167019807703,5.377385033735592,4.415443238193158,3.844392409866969,0
-2.0610126594319165,9.039470929761912,4.835231033325765,0.42715011622979904,-6.830606842633385,-5.884113010785047,-5.9360405410459265,9.242064567669116,6.328665149887288,2.62675643014481,0
-5.2464246790883236,9.046425418375213,6.895262429577407,-4.650247034353542,-6.2762957631130805,-2.9418077220698176,-5.16045386427815,0.8843435431192427,-2.8460407985537817,-6.815462218480572,1
-9.587895984247558,9.379596400962658,5.9930633829826,-5.442836418716519,-4.7133041265227185,-8.066170234353125,-5.231388118959758,-0.11232342490857206,-4.052841474104115,-5.813932915482157,1
-2.483193839296936,11.921354282512954,4.110565169752189,7.41350801711997,-5.628292495621258,-8.594424706108512,-10.980112752758235,8.288467745985074,1.575374664212474,5.589452544105093,0
-9.054056812060985,10.415647089699753,3.486471411944169,-3.9631411582822462,-7.329622759224867,-6.038323778960225,-0.6907138842983969,2.288807264375821,-1.8981609229693497,-5.957801646869736,1
-9.29853444789017,9.446003129809798,5.94602434458097,-2.6263910687702605,-8.00035798774199,-3.2671743535750917,-2.915426893328503,-2.303483716959126,-0.625801041174842,-8.37547021134241,1
-4.490270273314127,7.8816906689927775,4.839181566403384,0.9662183757083336,-9.980954053283536,-6.742983643663892,-10.96293518408822,8.270707776769067,0.18345176639656935,7.261320365955988,0
-1.823746930297342,9.92779256650589,5.779413396692509,2.868586803975362,-5.594181671416182,-4.221804533011084,-8.44528541723307,8.741530430675727,1.8428288462897222,7.0416859868198545,0
-1.2808642229658997,10.529301548292931,3.5788765410070464,0.821533202651372,-7.429730585454558,-11.483951922747117,-11.868709881033116,10.057271450387752,5.312235661866743,3.663379476808152,0
-8.889010019484564,6.268591500515775,6.839541214891052,-6.280114218598975,-5.0052151049815965,-6.936000801911052,-4.5740507135034285,1.9588700412213484,-0.6909835689894501,-3.5431052816736046,1
-2.3351034865764078,8.416271427266587,4.823400389299106,-2.0019681452610536,-7.318970966826294,-6.165884450252454,-5.882539667152978,6.286982478951408,0.4053130290778004,3.157937468751836,0
-9.939438005082382,10.7355066527557,6.844987895086325,-3.1614742227084482,-7.801165431075448,-4.841899177176762,-4.304549733042609,0.36675227842776176,-1.1775946582609396,-3.6709364031858067,1
-2.58830793076606,10.37728752294357,4.6965155884890235,2.0326819629322226,-5.003059579199275,-7.912199049710694,-8.646086202754043,6.398972338088618,1.1533077799995444,3.5431073089836302,0
-11.772177914874577,11.178692044912903,6.9925314955954985,-4.64671534646491,-8.71468986710769,-8.122049487484533,-2.720698704302476,-1.4015673758036442,-0.43468704295943905,-6.909692808959653,1
-2.11107823190581,7.813852373880732,4.779483006208139,1.2025424902172115,-6.652592500648774,-5.555848244233854,-5.666294124345306,4.847891917845005,6.288366984176709,0.2572759568759051,0
-4.47417241012937,8.565019828204273,5.739983034277206,0.03648077421346141,-6.6688761788593505,-9.548160583112356,-10.041063044538438,7.963086783783777,-1.163687232199163,5.042401031841707,0
-10.226417985417187,7.806145329632908,8.800867093205632,-5.710594489090592,-2.561119284351973,-6.453231430560566,-5.331968674630171,-2.532300152580897,-4.967378979669576,-7.34368908205014,1
-10.811848295894523,9.324123449143062,5.790248366973916,-7.138059746182189,-9.176135583201656,-6.498120948188713,-6.92459588887125,2.0152405600239627,-1.1962201212886785,-7.090520194969022,1
-10.461749586165142,9.26593181398824,10.848296394341467,-6.24726918792647,-7.080180959900432,-7.6269934142016425,-2.426771197809372,0.13268028620855127,-2.659845703800537,-1.5328091314931371,1
-11.57994090366441,10.7004695268872,8.365755049321766,-6.222458926349304,-6.287024665937931,-9.229092632198412,-4.51450843682282,0.3947193985612677,3.880486554902265,-6.3993512475874885,1
-3.9634719747024874,8.519248857095311,4.491011978028009,3.214513879042088,-6.5242251892847625,-9.550798310696148,-8.077932054624084,8.54469440606635,3.1418811307262553,6.323013007030152,0
-8.748121133180268,10.611898229671228,10.761939945667518,-8.014994657086309,-5.416236502235079,-8.1846720628944,-2.8041298481247487,-1.3422443903274315,-2.195833254367854,-4.765597024514974,1
-4.639424949203495,8.403836719488986,3.420854431909535,1.5992270779698399,-6.766327341357056,-5.820724084562485,-8.979325312754193,8.296526203151107,2.151249064484416,0.21051842321316627,0
-0.6710446570772131,8.433737039821018,5.174663464371907,2.6165652963327592,-8.215808098437368,-4.896024894202901,-9.188247270026828,5.8120325965130135,3.0953199220049825,2.3645155923388343,0
-13.891940916742561,7.959890404755046,6.226592338353047,-7.727576840736845,-6.6260145900425975,-6.178206037013787,-4.364867104425403,-0.8048765290021622,-1.0237902832242298,-3.291535896900343,1
-11.585080992460535,10.001780842878818,8.181013372777816,-3.2993513386658617,-6.563808808817893,-6.739257303285255,-5.671120314322367,-1.1586320754349628,-1.8140574109607388,-3.440686182406805,1
-5.622361420372252,8.158055806266496,7.641398417496723,3.6736131681677175,-7.576931459966988,-7.578625001912804,-9.481597859070776,11.477018882620385,2.7861711393272826,5.021534850303048,0
-9.641352632582072,7.63444774078445,6.3227188881209075,-7.2430230760473755,-7.71385720580675,-6.6209471443623595,-5.499994982809168,-0.12079442663332329,-5.148328961065257,-3.748829781293284,1
-8.73653570169788,9.436492598071391,5.3658789979198165,-4.777473216692329,-2.7548044362845014,-6.713717386385921,-2.4756392565128817,-2.09141728309757,-3.273972380793703,-3.2306046402784068,1
-11.114882322441114,9.47407271413509,8.015510801630574,-6.1718454255932,-4.217544560325964,-1.604164813692602,-5.48712720607921,-2.2669605736627925,-0.7534624359479337,-2.732292185786874,1
-2.441030686534298,7.474339666081038,5.107450659809597,-1.1386216084665226,-6.217866726722356,-5.213051670058097,-12.825799041778922,8.071636055193848,4.4776382198107605,1.742169518538498,0
-7.565384043267239,12.081148874301649,5.163884350931667,-6.723829457170213,-3.9017516295485177,-2.961881245514305,-2.789393420460536,-1.2645000743593513,2.6130225962411973,-5.23735899166309,1
-9.198260146027698,7.881632905464706,4.387622146133383,-4.50779533863394,-5.104441487414366,-7.940541322251308,-2.124444279284046,-0.7680268256859055,-0.8547691510817228,-2.5347291708142494,1
-11.94993574470164,11.62684043257763,8.079615446890923,-4.316846335018608,-5.486549178238533,-6.292676487543344,-2.5694326688756055,1.6787569001275133,-2.0691810490397327,-5.322620741832964,1
-7.060896758774614,7.705565088308415,7.735811573348622,-5.35359691899705,-5.835460493190648,-3.787202802717788,-2.4501709352496412,1.0725759582948038,-4.6708744996142775,-6.095509786598089,1
-8.990804297352579,7.894614943049517,5.796137623597349,-3.4563263680409673,-6.136959834782458,-9.208465759566057,-2.0766972716588388,-0.8411595384332307,2.385495925277406,-2.0153210646098643,1
-6.749104105056677,8.197349911762476,2.9157729132872032,-3.7381904067606326,-7.732760307377996,-4.750658604605786,-7.855362776232917,2.280323309243376,-3.7834434857192476,-2.7138889579061125,1
-14.46594443063681,9.129638718867279,9.494349088208317,-3.900786981951292,-4.4327056866756465,-3.859648359318888,-3.7378399588863704,0.8897600474559484,-2.5964034180263855,-4.807562908093261,1
-0.8650773030637702,12.807872093506216,4.14910260422236,0.46569735522575284,-8.658656050402318,-8.511730163206824,-8.992531175464219,8.005826865131992,2.5756818335242135,5.815818053992956,0
-1.5225618212909717,9.383958375588069,2.923163275865674,3.3737894427587145,-8.030902843626817,-6.636089963985223,-3.718158680098421,7.131403116049404,4.320846887435527,2.755098705669134,0
-8.02152909551876,8.895119271150895,5.453832426625152,-2.9084780630374616,-2.88570132826283,-4.374193701367733,-3.7445188556791975,-1.1214028106370955,-3.0219884402708157,-3.130388985507646,1
-1.3550533686916701,8.608195356112336,5.382170582970719,0.7651993105090908,-6.7064476162054705,-7.1914640640601055,-6.502763633316396,7.832364602101129,2.69750555901458,3.3376976236759743,0
0.6499466684086745,7.968566073891785,3.7995052020363866,1.4096004662197177,-9.568528213219825,-8.717413486244343,-10.846609290140146,5.787927785290446,1.9529304600906132,4.629881020993951,0
-4.439044544212959,10.3863890481952,6.756727809927277,-1.5443092889054966,-9.24614421648282,-10.958573948796147,-9.377141425525126,8.758607427090627,5.027014339056231,4.309641116760459,0
-3.856178871540487,9.572274452645926,2.9691847297085867,6.263467939487509,-9.254824029210296,-6.260468172821891,-7.570773994771813,8.1511211104017,1.6517249171087591,3.9018101564540566,0
-12.226804503281485,8.992235768448571,5.048775687213142,-5.880266935665187,-3.888624386489709,-7.246513113104903,-4.000801903432396,0.6111741022615477,0.33576213725288406,-8.669195864008373,1
-4.811184777897356,9.765682164889665,3.4386014563904914,1.3897821843541784,-8.083040415610064,-3.175553224258071,-8.865322206111879,5.2081010575869024,3.667390059070554,1.7197642559788644,0
-7.9029709089358935,8.905696395162698,4.178009775810746,3.3655824135675685,-3.1817150012605797,-4.626979534180432,-9.376105137745672,5.1104710980153625,7.169019841363896,4.279888423949886,0
-3.6901212634665006,11.887556204713459,3.946704083592393,-8.398133699921617,-5.399768532421005,-5.23738020817539,-2.8173874701745167,-0.014782954462638442,-1.6120081471634857,-3.5196581477204463,1
-4.173908769261208,9.95711724097113,3.535432747666159,3.2390333194517535,-6.473781149448671,-9.91159782327041,-5.743317353975887,10.915278261689746,0.7967228538954032,3.3860484360489407,0
-9.10566624425039,7.096168876000872,7.421499451631556,-6.16216022840672,-2.8525492592270076,-3.185870352501611,-4.846766279045571,0.19345320951136663,-1.5089947583744703,-5.078736148358407,1
-6.659955636579076,11.391914590171503,7.2101256249887085,-2.23597681804421,-5.619289710644262,-5.553591411595466,-4.021396446844336,2.9422663974820122,0.8318388404640822,-5.426771771031586,1
1.2631741793683102,9.363441753862,5.15497961767363,1.8242778524083976,-10.717169621749353,-6.93313734417438,-8.717867336753958,12.250007140469275,1.6375783053019306,4.764546240588134,0
-3.8023433915378035,6.851190120969532,8.014162106373231,3.736449197839633,-6.8955724737845046,-3.920221315495895,-8.683591141340774,5.600954512842176,5.068548389403491,5.239271643290226,0
-8.561109900944517,8.332795363916063,4.309019144587859,-11.497742212997775,-6.41853046595926,-2.7874066095918355,-0.5926367117135056,-0.4190638805277864,-2.5655237478812465,-3.237868683889114,1
1.086175430646295,10.295971850732341,3.497520856662508,3.118335246653049,-4.080916317979266,-5.0308422274504085,-8.719067016795663,6.029649360087555,3.4187468620913553,4.948422326764408,0
-8.883300177370192,8.257494310412525,3.0076462149114014,-5.213103069651632,-10.188010606697542,-6.469177895102261,-6.651785218474867,4.469680631106373,0.4616258171917582,-3.9639096134962006,1
1.6138095302200455,11.431018589384607,6.688003887851027,3.158223582343098,-5.322905038817995,-7.982481025933014,-10.474725523480625,7.316774000676799,1.6819309898143189,3.2549954572663586,0
2.1294614569106383,9.800921806987064,5.023977069208165,1.3549367555357292,-6.612545381586705,-7.185049266037034,-7.422110403258829,9.236927549087872,0.45032131384827667,1.4989856488053528,0
-2.5484732209061125,10.119266037032617,5.087707104357424,4.70145054388842,-6.629178185855456,-7.738920675526453,-8.593732750571442,8.410118973571478,2.120020375515584,4.242634938328673,0
-8.803478179726417,8.380269791824889,6.597704191624447,-9.291369596212714,-7.7529269180361045,-7.150474679157532,-4.963331936678431,0.7998383767122013,-3.0059394919220863,-1.9333558613902184,1
-14.859805592117706,9.404948056434208,7.304495161694606,-3.9046775073588176,-8.391292560443063,-6.160535480124605,-5.76600439292842,1.0058961439933913,-3.1517922718837337,-4.991618874359602,1
-2.1356640940985936,7.5035202634916764,3.416843230244205,-0.8401525097557125,-8.72609368337308,-9.583478804508614,-10.790074262590675,9.430806508714383,0.12350245720028963,9.42621568559569,0
-9.982986954698603,9.095650475932862,6.259036255303074,-3.485677592700348,-5.176387211296264,-12.212687072259884,-2.603353587749724,0.884601022082307,-1.39851714004948,-4.952454102216933,1
-11.5889727632951,8.042707102190183,7.6766685153262655,-5.394054222555281,-5.662240457310869,-5.3535355426359965,-2.6457122036857057,2.7145283165572036,-0.5414623133006601,-4.657932505276246,1
0.024624675320495282,7.59894719696076,5.527517692520558,3.5224377907994056,-8.733488134307436,-6.999160305399546,-15.320862436774156,5.274747632830124,1.517163932077855,1.6658851919912099,0
-9.749509612677473,7.732084929238368,8.47963336712876,-6.852298335625546,-6.597032487448481,-7.6030254857401305,-0.43745243710258297,-0.14735689959106613,2.3040144598007184,-2.547113671802628,1
0.2593480139682862,10.142104368303041,5.829387519558673,3.6800008015013477,-5.36177001157774,-6.317726745337195,-8.629925548732258,7.198336659699659,0.5143710571308231,3.6001014021873607,0
-1.3560836969412173,9.636786437285394,10.797640453138577,4.2123195068098855,-7.135462374112803,-8.791190474476798,-12.051220397151155,7.730450187233149,0.509598744295569,1.3169441367255605,0
-1.8569315785685143,6.512058975427715,6.487932874641904,1.603365411054754,-7.925073232189349,-4.782091141602168,-10.24701513772153,4.506600322771584,-1.0909581121836318,5.373471458612189,0
-8.999861856056963,8.929381442607243,5.081321484835643,-7.134299891066996,-8.195884486820473,-7.995554219392213,-4.049511720907956,-0.9363913455767463,0.0030045042675546085,-1.2009248853673067,1
0.5918033625754036,7.01757804672074,6.608523633181269,1.5451919954897142,-6.978554610456136,-5.530470608942739,-11.083771799760608,8.088342407866804,2.355204651290288,5.146354083937207,0
-6.5594827963679645,9.387194757737177,3.3163059066913254,3.67803635353318,-8.464668668016671,-7.109582476209745,-7.828353198675096,9.055033303838947,-0.3782925792473768,3.492449084239012,0
-1.9971381544249989,10.97966809608935,7.970827725153255,4.001909813976993,-10.561375653814562,-9.43926352674735,-10.087964912027369,7.375705015920371,3.0576182758024215,2.709963929613978,0
-0.13025664520346902,6.559070497924337,5.834678975927817,3.3755151685625284,-7.474754197871254,-4.128695966652708,-9.138438930701064,7.574675822441788,1.6761565862964365,4.192609651083844,0
-1.5627223739056606,8.868628302884575,2.946291400091291,-1.0565247654309973,-7.772657095285313,-5.167312004629002,-8.410140268375603,4.832045358074727,2.3686620865665398,4.932086315378583,0
-8.337294080421879,11.168660009217868,5.464140904704329,-5.506122394523312,-2.455185788357415,-7.343403211455197,-6.032970314922446,3.4584554375699548,2.5640747539039044,-4.168025852343467,1
-3.544420221125093,9.461862031476118,4.6070330440825975,4.3499562308369,-1.8257623394040268,-7.941847139116588,-9.817206641672454,9.411844669636848,3.3860832141167982,7.854866207392976,0
-2.5791746040466736,12.555887399469341,3.3859447206525664,5.598066799934589,-5.464123320240319,-8.005043145064482,-7.573512278524968,9.268631814752164,3.2659201592985685,1.021002116139996,0
-11.389551583379689,10.674980894456652,5.991615864510466,-4.546842924269791,-7.451728660086372,-6.657495615075912,-3.833316790017803,-1.5092462789181882,0.12054906368256657,-5.2018443289823315,1
-3.8473431003725835,11.094095502990474,3.428647756754373,5.625189111034604,-5.5237754484727315,-7.855932409567352,-4.523711330105003,6.112093069492026,3.5064909788827894,4.760036716733893,0
-10.545985026100759,7.672645515153645,8.035810639836424,-6.537243066272736,-4.2436278877647435,-5.097897903777929,-2.5480164944082904,-2.2367827897563113,1.0627883436151158,-3.6529161335714493,1
-2.5786211624632367,6.676930052959257,6.9255244652581425,3.4770357493142803,-5.297563297065176,-8.698884502865425,-6.032739134763812,4.519820789914141,3.1960144224647165,8.542362807540865,0
-7.523217705400636,11.651607316895053,4.466919955578039,-6.574846362343647,-8.574909992829859,-6.7617518635087945,-4.531223709180728,2.054449697183437,1.2595178650815315,-1.3840495744592491,1
-1.1164227281393195,10.924896545339344,4.816692608811796,4.928229846051256,-9.16300541941828,-7.267428511835383,-10.27197239784162,3.5904496813525832,1.856938863178777,3.917956539154342,0
-2.380637584861825,6.85879657233971,3.209271417708165,3.3323651818100837,-8.340360454585543,-6.4471924141119965,-8.747184076828383,6.020322220287069,6.310188413514827,5.429289600556931,0
-2.54622389503753,8.436968850358046,5.28531595690428,0.3187077968360861,-5.840934162668925,-3.8146317672707912,-9.055848053549726,8.126946359696586,3.4025882182864007,3.3590106121492362,0
-9.34296948209436,12.647553960179007,7.295011362240494,-6.257924790687052,-6.947123193689076,-9.458291420324638,-2.1489355865149276,0.3394542386191532,-1.7220594543389365,2.2107979396505604,1
-3.7360029501346297,8.409346755222066,3.863525199145644,2.3140021286917074,-6.558479229051541,-6.874017552969118,-7.9644514171433105,9.704815465071386,3.921408505746823,1.1916556190211018,0
0.5931063279922957,9.245635396784039,6.998473204355754,2.1082066467609497,-2.758131341387296,-3.3694279083895378,-9.336256053594157,9.266664817407413,3.3130521340344705,6.898714670985607,0
-1.9750970913142325,10.793547719445195,4.80444681477895,4.104130434071434,-7.914204091352015,-4.061414712904787,-4.24053150939751,6.597845794619385,1.1312951920626322,7.06822051015631,0
-11.461322863663144,8.062637930302113,7.233238272661182,-6.127875823247226,-10.839963122507932,-10.573310108201456,-5.128885496523596,1.4105018047518614,-6.8561093126081545,-5.1748775483424225,1
-11.207517153927244,10.246319132168065,5.701174121866604,-5.782122328191035,-5.270932159850588,-6.319065263309448,-4.787926921862383,0.2759090247930956,-1.5378255455683558,-4.915439255803417,1
-11.056657711640943,9.562188156067007,7.563413625238918,-2.841573142140944,-4.954487576208542,-4.753796428180285,-3.7475018849505237,3.316046923051765,-0.5415740352386904,-5.897593016386303,1
0.7480334680898335,6.254083211768538,1.233113957517792,1.8620742861474944,-6.111496293272656,-6.945499089464133,-12.973211956715764,7.145282836473126,-0.5866387661455308,5.500796653580986,0
-5.203450202112143,7.071058051177019,7.040706652116953,0.6593811259979405,-8.97344915651515,-5.806804088221375,-6.4669194473100164,8.761429536828837,4.014395606475809,2.6478613787819874,0
-9.080830791094805,10.333583386770753,8.82042546588713,-5.557251479492686,-5.747399576849783,-7.115206937774905,-3.3769012583190308,-0.19125591835006372,-0.11795584744558352,-4.914637868126429,1
-4.730349313984408,12.518827015045566,6.5112356225230235,4.516279873929049,-5.4362830630648,-9.138213135710405,-9.887368289195557,8.30227203795454,-0.4219553829197151,5.587448416265685,0
0.8462040051001312,7.907109644782333,5.777844994598652,5.229962930197808,-7.637882673126244,-7.28727031348067,-10.001689584533297,5.294009454112969,0.7237451447321614,1.7135710223963958,0
-3.913180998666261,7.688484293096425,1.8346682926287143,5.472323170314611,-9.36735366193384,-8.265919988867761,-10.275142287774406,9.113371669387586,1.43240087828012,6.6569357012683765,0
-9.41652410149729,4.959596297744816,6.189253554858048,-7.456030654955104,-6.013077818040964,-0.3613917977245036,-3.180191809860637,-0.13193073970003855,0.4825033767968192,-3.210041421620736,1
-13.859658542041341,15.673694110559873,8.760966434140538,-5.306739958176157,-6.473288657090561,-5.76080165321601,-2.872910284050569,1.7855598045448713,-0.2498906951507882,-3.9962558335286635,1
-10.307847405662123,6.7461016710758095,5.821922493761884,-5.232656773268705,-8.29101850827921,-8.24621163272141,-3.227579377709475,0.397823929503855,-1.295505636334512,-5.6924078654393,1
-9.585899163359503,7.764019781103505,7.967344152873245,-3.87807751118136,-9.578620384595936,-7.857359360063752,-5.453439840383842,-1.384677569572972,0.29785005670581177,-4.563069473584768,1
-10.517544708680738,9.800516354985565,7.21542855910072,-6.271027733842631,-5.190113052907439,-7.281717116176372,-2.1725605458947572,-2.19683072784874,-1.1083404680648616,-0.2975591979225918,1
-7.910429113144726,8.163690670146039,5.532249308116374,-7.953526252377866,-5.484498194617535,-4.7740367959070955,-2.999609408505474,3.844113499339832,-1.3722916648157784,-2.8379338848541362,1
-10.338702874731824,8.762766849727418,9.212140406015973,-4.637835664984228,-8.586416569732052,-5.838900246067314,-2.9187116438156755,2.77542670968729,1.799981745979062,-6.205605579694899,1
-5.098560574494561,11.335939702955361,3.7044764336043188,2.6661774474021636,-6.9734683489096385,-5.926027938829703,-8.6846839745155,4.757538467121564,4.014833873758455,3.173938389598284,0
-0.19297587605261457,10.597611516124193,5.888118470332412,3.229860702469292,-6.904120736845099,-8.67461833624761,-8.686718640248557,5.96919949247448,3.972539701699678,3.867336792916632,0
-13.756535993081128,12.847590342762103,6.073957777207725,-5.178559977628458,-6.454525146460472,-7.180382469727411,-5.054820997286763,1.1541461037907754,-4.395447020501043,-2.6742588609956304,1
-10.54075186117327,11.14697540466534,7.173975474012286,-5.366037963699388,-4.661704731522043,-6.606653379730117,-3.1342254409514663,0.28868512677976477,-0.8303749283584283,-5.340934511262326,1
-4.551663257314177,10.430999022797028,5.127480263770499,0.8450124224672753,-9.44023598849306,-5.135194936715657,-7.537925400718688,7.125171187939937,5.715574226959507,2.0212820232686037,0
-3.430475164972325,11.128530580636152,5.327115415365024,-1.552910626784736,-6.23145925236168,-7.65027415410858,-10.192171757247928,8.546875493180439,4.0842992798560775,6.0240117941533065,0
-9.559763978411082,7.490318204446597,5.834780190154874,-4.380580872521075,-6.151711749627519,-5.163083841986355,0.03772602822172555,-2.6333545907773455,1.8733255227795627,-3.9667053209927357,1
-9.207038931553903,11.280818204774853,4.583805008953357,-4.957363686540859,-2.7448879563917674,-6.768001593716072,-5.610422998047415,-0.8090491445413641,-3.540365701842462,-5.744941012294568,1
-7.05689443235455,7.665847346810884,8.58776721706191,-4.8988290626911075,-7.655955275545594,-2.7812880177122996,-6.302428804322206,2.3334369798647603,0.6400650089282713,-5.516657614192451,1
-7.61703989285666,10.882925950676869,1.9061214393972592,1.5236388801553649,-9.21985324326999,-10.484070468435986,-7.755402300226434,8.841833236103996,0.8692794334107368,-1.020633028368911,0
-5.560247964902228,7.6304699884358325,4.548706803517105,2.459848582586116,-7.3620993068639295,-6.175998800247353,-11.341406605016898,10.211052123645223,1.857997878079038,6.396043219097164,0
-9.384597523559977,12.496237346230261,4.170638664700634,-8.688268317939357,-6.033978973384954,-6.2301343992192875,-3.568471812068429,0.9830350284617577,-1.8075041364272955,-1.195690318834997,1
-6.561410627599689,10.659820412349442,4.600479167350025,-2.0450326537661003,-3.921433264807282,-5.167714395994092,-4.3681233385089095,-1.4237498408022022,-2.105513179299791,-1.9979199566307893,1
-12.187472587939146,11.057661878998235,8.27164592499162,-8.049744363939713,-4.725945368348267,-3.256045966106218,-6.160244753298073,-1.33987700938377,0.6742233065293197,-3.6324265743878654,1
-2.731649745750151,7.206470845268742,3.1688189510485683,4.445356034361607,-4.6970069499627325,-5.661833351461593,-11.022953285981169,6.690706016109099,4.448495634822542,4.4448853832007185,0
-8.374863995811586,9.031803805799111,7.7178641129695364,-3.977906934686805,-7.004835906972371,-2.7414870911066793,-3.455013622426441,1.4906148108275459,-0.02925112304876243,-3.33224397481025,1
0.49759898048155105,10.769010709349665,4.1979504885687735,2.0269413619297936,-6.462861575256165,-10.963579330124528,-9.332682521677205,5.959554419503106,0.019060215074344633,3.599250970148999,0
-10.766043767561342,7.723672181140485,5.4331022946568,-6.831463192732434,-7.460038245708142,-4.665241979370709,-6.124880726934286,0.936211486672491,1.0748186774534316,-5.2018099250659535,1
-7.153993072432958,12.440829147084788,8.645474612304357,-6.616458411870574,-5.556040475184769,-6.380301015713156,-5.722558862269501,1.1438471960879633,-3.71917920947729,-1.8000584191160338,1
-5.895111251443521,8.817606874608822,2.6626966219262664,-0.23400895049080983,-6.519838888844313,-4.096105020586748,-7.001694544631384,4.182521708252349,0.04304396172350056,6.042993931897341,0
-7.094526683014513,9.274189024507823,8.55175137012461,-6.486231827170581,-9.771243829511425,-8.180841779190432,-0.7893776037928499,-0.052857531013851156,-1.8478675859077214,-4.7750935885889225,1
-4.701747796843154,6.134184363009733,7.828888962678046,0.2792469873040764,-8.862411890063884,-11.186889820483376,-10.116251252015015,4.6773433286837065,5.306330555136913,6.181085734606177,0
-10.258585676426854,10.082872712219128,9.757173657437985,-4.0452658333300295,-5.533769655134167,-5.405332742695111,-3.8281258035223136,1.6114076616817699,-6.420219782546291,-4.768632114178758,1
-5.987287751062244,11.87608974911876,7.068171646557687,-6.736490157698571,-4.749255462583367,-8.27900220234026,-2.962439602096807,1.506068950978011,0.7593201878400744,1.343902881782994,1
0.046132168524099626,7.831143350526662,5.734073598568177,1.5687843790729439,-7.31498959760571,-4.682555889301566,-7.187495058659951,8.95054218749998,4.633257849172834,4.203459239186427,0
-11.265481710978413,7.624835198672971,7.718487488700256,-3.295256781456353,-7.638116149915577,-5.415136395828355,-8.089209178013384,-0.6741068286696419,-1.4232174928994892,-5.994784030002829,1
-2.037968506835618,10.556016515972255,1.6827063446684183,4.26067777035459,-6.202634376162441,-7.7106854210775495,-7.57276402442344,11.864908631107495,2.386032744981166,4.657892728521581,0
0.8359471506226566,9.852324146930412,3.2298551247112837,1.86163152862532,-5.7629733661078255,-6.728098810451123,-7.760815771743272,5.48217572933997,2.3610218829363316,1.3340225621109485,0
-4.960728949057433,6.085536367778682,5.088782473348045,4.067366289165041,-3.5117718082355327,-7.797878119013827,-6.680966089773419,7.246505976497288,1.6770456349825364,5.928771430894254,0
-3.8854983134081977,13.519157738886939,6.60340981021129,1.323506916923487,-11.878438620898416,-2.298224448094463,-11.617472690163202,4.032725421584919,4.067441098883457,9.040956368599455,0
-0.4486307149890658,9.491864446251348,4.121794544586695,1.5804699857707756,-7.022829709979398,-6.95455406629563,-7.383068669362051,7.427414687113302,3.487580389295334,4.000018395703744,0
-2.2807423257286707,9.314889651122076,3.9126544118003896,1.859278436498597,-6.264023653367151,-10.300446378589198,-11.534698600847436,8.810051103544133,2.3640311111200596,3.7934848832155508,0
-0.6783933876486019,9.67178834751769,3.5803584286940238,2.9997045501674444,-6.685472092455189,-4.942819612210168,-10.242433944390715,6.668198622303167,1.2380839285998604,1.2344216596566717,0
-10.659913040188547,5.983481128053993,4.415803936111118,-3.2815945464205996,-6.675297011731323,-7.428484395912525,-3.5951186891036704,1.4986941049798472,0.8736980046472365,-1.2784187362533088,1
-2.723258342961866,6.943801483359573,3.5325802255337373,-0.42258610123696494,-2.9501769253184915,-6.809582489332489,-10.237778772621182,7.751482736967147,1.797644135482516,3.719512356854463,0
-10.117339796705172,5.390472314426379,7.919688876426888,-8.231734576141422,-6.243635395325331,-5.77715592701494,-1.1938379491319435,-2.122512165593467,-7.400123938799336,-3.8077181065317713,1
-8.350001592073555,13.513187982663283,6.6904402313592515,-7.209223668892745,-6.729293538067668,-3.582156964634954,-5.207083499058316,-1.10325538065575,-2.32658667152175,-6.082074412556586,1
-8.924349452945922,9.77919640279802,8.067756450286515,-6.6241905275741635,-5.337289059505823,-6.851003158099158,-2.4375341790342393,1.725863600670864,-3.231977031246876,-2.0034529636890968,1
1.222351399236763,9.961951970021897,2.257271841822804,3.2862769012083914,-8.828990531605912,-5.305940385791042,-6.521136598621203,5.682158278795282,3.949052493352819,4.987013409793906,0
-3.4590882453746623,7.707627663050898,8.170787316790296,2.783133105862643,-9.401395099821361,-5.044385699166394,-4.594015362610744,9.388453436600997,-1.0164396970438512,3.1929834101884063,0
-2.563806702072614,7.14775021005193,3.753314333845081,0.20356425588693017,-7.225519310998116,-3.4566926329912597,-11.582130042498722,4.096400119745221,4.964640889851393,3.7428042016171768,0
-2.091470433043239,5.09494588043877,1.9835067384312404,2.366892155678979,-5.402694031160449,-6.537373030896005,-9.06962432141249,6.721315524320126,-0.9347437458706791,2.7217631391314914,0
-1.1452916804628224,8.39375261501141,5.288211541204985,1.7128835752053628,-6.685635261165833,-5.68979554240212,-10.474769123102956,11.508297466869625,0.01026547186477167,1.7330743303454446,0
-8.834109326279577,9.33967141586993,8.900953317552773,-5.856005233611449,-9.90956559227175,-3.8080668015033403,-5.726619742534483,-0.8124040446528824,-2.552422215244669,-1.4265410096975266,1
-3.8619822271712896,12.616166994019952,4.5595629349394144,-0.8883805202953643,-6.6234183613296915,-8.242212908225708,-7.157040658658563,6.018274956893921,1.1299333684346162,0.3823700940298469,0
-2.8127678131239167,10.190920541167475,5.201862571698166,0.7277706442995444,-7.295871691865821,-7.866111462593612,-10.017057270524433,9.022727109540753,2.7363312067942704,2.7756323653996002,0
-8.616237535248677,6.303589065363155,8.814234923782582,-6.695467090070234,-6.55077303333633,-3.6803165078469435,-6.4894822779777455,-2.299107737581225,-2.528298279849695,-2.098659494000528,1
-11.69567495237666,7.2625912000815,8.549467999955587,-2.3319910412706264,-6.572399092932931,-6.6695532493113445,-3.7750508145828827,2.818885237861138,-3.2158058955388333,-3.6986792305695912,1
-4.387868410690259,8.726111016755091,2.2204893505458863,3.1730271439331412,-3.8181255264638754,-4.442585889881313,-9.265213498496426,10.304975189198608,2.319635149268399,3.48727961368483,0
-12.73006241822095,7.1446621054202755,4.261002803210324,-5.467331596907063,-2.898470656887804,-1.869309510546059,-2.6390529379277314,1.4968175825336711,-4.963215095463163,-5.260764795507205,1
-3.566430986552264,10.187014165708508,7.116444979095373,2.0157128374128552,-6.261961165953343,-3.4756797040054708,-8.356821397658873,12.526889143859492,3.153319526127264,0.6399260376092735,0
-6.620078057012021,10.109423740811206,6.022736754962127,-5.754634975587769,-8.864316123797423,-5.12287915022059,-2.1504890161624273,-0.40905203302140347,-2.301183922676688,-3.643660736735064,1
-10.604590509378573,9.102636405604944,5.742355997962409,-2.848282717492986,-5.710011126653347,-5.730961083709667,-2.6707408527224414,-1.782537602916781,0.7171239476828521,-4.326945769110081,1
-10.712646167240555,8.97975329575083,3.281976431566535,-7.364957919426854,-4.433797389663073,-3.1007441558348603,-6.383852884569089,-0.6897998856610312,-1.4139111410755392,-3.6150948783999475,1
-4.644438481817939,8.729527158155735,4.880470099651899,3.00204735205823,-5.456397434973491,-9.129393776951686,-11.906556098107256,9.87887655929572,2.686928258823359,2.6644784828078016,0
-2.9898484193690202,8.264644513099126,6.061798772635084,2.8616963069128114,-7.6015595227894295,-4.5614499865474505,-11.000454411835804,8.555394129387231,3.2085027508009434,3.5423586772929285,0
-7.891961688750615,6.933150413702868,7.753452691367482,-4.501955919142475,-7.757044292717137,-5.167856668761869,-3.3942706141421337,-0.5825550797407193,-3.3782089953101013,-8.100668579384319,1
-8.356767814541668,11.805965917577518,6.369960264646437,-6.6535963161373,-6.362444738144793,-5.1294963050730935,-6.80286477307633,-4.097233273629719,-2.462173326140852,-6.616842047867479,1
-1.9039266925746836,7.505734428159606,4.511602143042117,2.6306945045476926,-6.236912760250724,-6.036268084805377,-5.610905218518717,8.230591518526662,1.5339869642828783,6.089625892497623,0
-9.251388161544723,12.033392114455806,4.635767685449153,-3.473460664176386,-3.729270521178257,-6.568046856913481,-8.158864938826435,-0.7205153415441077,1.2328894659645333,-4.221153320636925,1
1.6032166368278942,6.807869396754955,4.197371589056558,1.4195430841628907,-6.264813795533069,-5.248635168197353,-7.11738077991652,6.1573680383608265,1.6880568072913527,4.726611456897508,0
-6.181608369259344,10.030268782023409,2.433145623880354,-2.3326115019642337,-6.1024699820893415,-1.8941105584103655,-8.850469579715798,9.000504464401986,2.1859589519593055,3.9636722495386234,0
-8.624176659413179,10.135663337874925,7.4364474124409385,-9.608562945125698,-6.921267444159501,-4.641593860562681,-4.012949507757456,-2.315251060962393,-1.465908528312624,-0.7672061635281788,1
-9.655535243491377,10.307678867522155,5.615993528233292,-6.146150953290671,-6.775219517618669,-7.825066496011802,-4.26870346704081,-2.602107965082736,-2.343407121441895,-4.745168182778503,1
-9.07280503379845,6.914675892276637,7.317205650498231,-6.063735884083974,-10.17911577161277,-8.052679824490328,-4.742366207652534,4.270503947325138,-0.24799337809016886,-6.846380334238944,1
-9.962598644093049,11.369657034599612,9.023624919137937,-0.5740905023972491,-5.204234309430836,-5.68031716976699,-3.5263865376545733,-0.21120395297661942,-0.6841319402343029,-4.76622001631722,1
-2.481339039226858,8.966035953978315,5.0360483577638115,1.6844488600928471,-8.026951204911743,-7.973827475756731,-8.903834297068007,6.236673373231174,0.5966086695098469,4.374312011304703,0
-3.6939854715304885,7.286304588838689,4.736922092117755,0.31126945111865645,-6.338713539591592,-6.980585812174221,-9.31622385036883,5.508395591415507,0.8687575737275102,5.6722340075724205,0
-9.8337279812754,9.584941791793188,4.388445366660588,-0.9298644352776346,-3.330712545350842,-5.1276731621463565,-3.771081418241756,0.0707106928424539,-3.264936547202156,-4.020456159001436,1
-10.640805827118793,12.174872599656782,5.878809192582708,-4.98723981695262,-6.080986375683061,-10.593042762545725,-2.378740707545771,0.9259216435573332,-0.34456234780850603,3.677058216833492,1
-2.421574679094531,8.720282124941344,6.567637069817921,6.394215687123435,-7.994610761166937,-9.619715552434101,-9.01489185333852,12.48294159080734,0.41495109892471405,7.439685166809044,0
-11.024147895579155,8.937147792879385,9.008303232729856,-5.365002524527761,-7.425929245073185,-5.364156500555244,-6.119739440482093,1.8578476535306532,-0.5438850117541499,-4.791034138316929,1
-0.7188111829972856,10.28462973156226,6.738984266866772,0.9026992608195961,-4.244839059882619,-6.4849103838911475,-4.687806011385479,5.945147279319567,5.494227841194674,4.557273122846205,0
-9.820768200327867,9.827623409580939,9.805088931132804,-3.78231841520404,-4.625191470864195,-7.242988854979065,-5.693636797265894,2.4057297491202627,0.3909939579019033,-1.2300758445371973,1
-0.8628564551289211,9.160922062575128,2.0599570367459936,-0.6169878601865002,-7.551196589731527,-3.5420665426971607,-9.357510459363219,4.317237009262491,1.530814106692287,3.616004416425568,0
-4.276912495455016,9.321736340089377,4.7562962731201015,-0.3127709117205142,-6.1640524704547035,-5.758540540539478,-6.672225270285456,9.431127019568509,-0.7330385010500065,2.285801476090663,0
-1.7760011308590538,7.134526555543611,3.6121450015547145,-0.14525735983717114,-7.004985385697614,-4.96982495227347,-10.809779849307098,8.331615946534392,0.9617849981192941,2.5757058913962205,0
-4.075704207725225,8.370163095786971,6.266913270967441,-0.48855894892717844,-6.4247073219430115,-4.26582408471109,-12.053294225758465,7.6927906325633115,2.542065823361023,5.72509729947553,0
-10.79627136602241,8.939099732519193,3.3698844909575674,-6.538159998556223,-4.370359634699093,-7.264900561387719,-2.634195550407598,0.11412242064913458,-0.7129855707145639,-6.470799975670496,1
-10.146235974747569,8.838676706248217,8.229596608111859,-5.073115197296696,-5.2222746614189255,-4.395540481865601,-4.577771907175891,-0.7293448363707433,-3.5314006802732814,-5.826238255997072,1
0.8306113856500623,9.803629187844283,2.2481127121577327,2.8623750203810134,-4.486364217859968,-8.09967540191471,-9.106362089981845,7.352899304957098,0.45250360869969564,5.458012423608627,0
-8.444195230655662,9.273815009241265,8.89755953574944,-6.421372248394358,-5.234288804070787,-8.371238480315554,-3.9622594425577216,0.14642011683908557,-0.910483783075802,-4.914471053705879,1
-3.048947493639493,7.056758696633707,3.751292316075878,2.7277706700304365,-5.365649957860566,-8.724440241631198,-7.09911591642469,10.034798633108604,2.8491700413115773,7.91504318103704,0
-8.138118540387957,10.430553617469803,5.365889625562531,-4.889372697086595,-4.762681605402623,-4.823327143304175,-1.5373283978599597,1.9117363270468848,-0.6582032120745194,-2.0351167194063065,1
-1.4791270886354306,10.04185803002274,5.669974208840197,9.678632665250174,-5.737846169764936,-4.608978312914749,-6.930324229649606,8.626305418110299,1.3917617455834845,5.679389996907444,0
-4.1876326694980275,8.395861376495892,5.302405699035229,3.9242599381854504,-7.83797566684185,-7.251427546603581,-11.050997704648067,4.931109667337362,3.6473518796525717,6.873931613062554,0
0.7556249848105203,6.154003372277057,3.759789862834134,2.2346508385129145,-3.997080613019039,-9.751833895634825,-6.512000252326091,7.343989037537877,0.05928293276827379,5.0856585044474505,0
-12.803632168320068,9.767678201031336,10.696065254467715,-5.739618097314481,-6.743578725860977,-7.046800648552178,-4.275938504334061,3.2408255819978176,-5.784823449816699,-1.1085497934465103,1
-3.4279194221332383,7.314597389268738,6.300550469316592,0.26100203212299755,-6.736494716712485,-7.83542448680618,-7.880368105143226,7.9908471260726,4.097380123379974,3.141418758211415,0
-7.340084674111925,11.293249967485602,5.1030974803612175,-4.939113212185407,-8.30681412494056,-9.091146132509184,-5.168589589989176,2.2199155774102746,0.5451504635944882,-3.1492463558445754,1
-2.653217866213418,11.021351923982369,5.3631508863233694,0.6829301747304835,-6.156835980134442,-3.804036460344008,-8.909979834855914,10.452810227126715,-3.217189973315313,5.805256564671357,0
-4.056776021259896,6.524976721575488,1.0824383384195442,4.9652583069190985,-5.570895878443155,-6.991278935096857,-8.27839050399637,5.07254482090195,6.913804194097828,4.419893919871364,0
-9.41789121481615,3.4159251014384395,6.275060499684466,-9.014164273864758,-3.9515116227643556,-4.777095097402301,-2.9818131768770835,3.5371410869635174,-3.2589326688073594,-0.680690800208045,1
-10.748416596824036,9.87700604431064,7.648223036614303,-4.809213244595928,-6.211590120025813,-4.846544966211879,-2.950657235447931,-1.9801962120098384,0.3772125016208612,-2.400835521505677,1
-8.485357563604904,10.07937547604088,7.430244657864724,-8.406162043056643,-4.268865242615091,-3.9927298180757766,-4.373936628945301,0.4081747330170324,-4.423314632269129,-3.1469076840034917,1
-7.424776658738294,6.7737586563770735,7.892992796620533,-3.0953511473636577,-5.589883614479582,-4.14994895255939,0.10938575059228484,2.54254772485872,-0.8624824358742275,-2.0852402478696543,1
-5.780036934937938,12.650114873964013,11.086413282904704,-6.07130820723458,-5.772251678363798,-9.365194901772906,-0.9612862885726967,-1.8404304698911127,-0.927548499632427,-6.3700222513048494,1
-3.0065798754198445,12.228977280238308,5.621828739504604,3.442925256040367,-5.5538646538164445,-4.533161878305297,-8.476284639228597,4.7298590195870105,2.821676138369459,2.858737768337251,0
-2.472329756921964,9.709449538921664,3.5603594756093786,0.4165602331361067,-6.487936680955907,-8.836855148506011,-8.021822245207067,3.9183557070230224,4.080611509515463,5.106646520746995,0
-11.432029740334578,7.390282299076889,7.063387474806324,-5.614529112361976,-7.8069757625324945,-5.978268058652528,-5.0085153099837765,-0.048181588007349285,1.9858045534393889,-1.4944950924584655,1
-4.983099044808914,6.373372902029769,5.683761967461897,2.567139030407104,-6.378641490459517,-6.187213174281995,-10.198377199792992,7.78803030982071,2.608445181461538,2.732748719868173,0
-11.498555272782657,10.245395174426807,10.773902654494727,-7.888283614943022,-6.315061742512471,-3.507468692100465,-4.074437923300676,1.399872225144225,-3.4858866834514446,-3.318803001623864,1
-6.78157017383357,10.794003588317942,5.762764773751471,-6.712203721232964,-5.770349565576464,-5.405540212396154,-3.5205706095468328,1.1177459795305271,2.038815121995076,-2.03233089156939,1
-0.8413533139549421,9.932646286655196,4.4995474133108075,-1.3487521830912508,-6.020390752886098,-6.464734218949724,-8.295170082245264,4.770025763858085,-0.1398128459523491,6.267757262586716,0
-11.586914578673772,8.388647200783451,8.330092869017541,-4.659750650031718,-6.841364854197376,-7.065558626560699,-4.6986714388968895,-1.3496917363522478,1.8696517517811984,-4.820058134461841,1
-1.0025143808436852,9.776602897963876,7.219384344393593,3.319532386480649,-7.156539159118818,-9.328706065854679,-9.256374271208061,5.622482007080103,0.8612533352547302,5.338608364762128,0
-2.3951713732585813,9.551470685924835,7.696815689053165,2.9888411965199797,-5.803035033052004,-4.735094918656342,-9.568233215721781,5.64510358082069,-0.06731815317789147,0.22873837716890533,0
-5.228909905012589,10.506793260252763,5.930847198510252,6.299679130551652,-7.495183661057272,-6.4418089379480685,-8.3395603892145,10.478429475025653,1.8317091700902715,4.719494607461588,0
