x1,x2,x3,x4,x5,x6,x7,x8,x9,x10,y
9.944578051677608,45.55961238880085,0.9956493460417815,5.0,8.472040172822375,-0.8487757864966661,1.4105266747697465,0.32177824382752246,4.0,1552.9562775816664,-540.5402606404886
3.8200974091714768,55.4487115172861,1.4252468717572926,8.0,-85.6774024075196,0.5646063683107561,4.348534443831302,0.3183646786997582,1.0,1563.2143391877048,-129.69089967402442
8.271480128060997,50.89141028312689,2.992382116476876,7.0,75.692337349741,0.7120580604460639,2.3291981100400343,0.25573904529617075,4.0,1704.5096319225245,-738.3098675993876
8.372552761899897,41.7765996011254,0.07700144016972899,5.0,11.817671030572214,-1.4696318558749932,1.9707395238455652,0.6097356479782678,2.0,1338.5228209909415,-210.8959353581031
9.75809010156957,52.530028693445445,1.597372483938904,4.0,-49.5333466044986,1.3548515387047657,4.081760393293472,0.02772815475412173,4.0,1064.9198393190006,-198.85474871845923
0.7722502885996829,51.740322165941194,1.9600312373708562,4.0,4.372108805136861,-1.3015070972362934,2.6364579130348003,0.1887847589999223,2.0,1880.4404503841452,-843.8620875485447
3.174564096738589,50.660437743961424,2.1499080898187213,4.0,86.79645833326822,0.6540600289446914,6.290230441284219,0.09049351351872248,4.0,1210.1459975132202,-719.0318804529908
9.1955540689806,52.13526353442297,1.4073861620683428,6.0,2.35335882868371,-0.03332542280375093,3.1386849368555843,0.24273685152855073,6.0,1095.772756138018,-405.9998633579357
6.758695649834293,53.85221664285145,0.02452246431207218,6.0,13.895046712916013,0.6237876260846689,5.012956828816867,0.33949846177162735,2.0,1563.1845299087072,-419.2866135090899
2.8582493556561706,53.62343373616775,0.09928494317229217,6.0,51.33759760732153,-0.6573685668969202,2.25448021082235,0.21597079704013586,3.0,1625.925171796839,-591.0487996788061
3.8954302482656935,54.72686093252057,1.6599881241514345,6.0,-78.94185174286036,0.807410464336044,2.850156645568118,0.37301326134078444,3.0,1805.8818560915543,-407.40204155864166
2.3021955938411898,54.19300980873149,2.749797320699009,10.0,98.82173565382803,0.5504916650489872,5.565197251837263,0.24890231109961877,3.0,1671.4249163904599,-990.2840477032629
1.6696115066177164,53.614318701128745,1.2239372445412475,6.0,43.48476744678942,0.4822065741185165,2.437362638127311,0.2479862074643907,3.0,1269.4341559736604,-623.4077690779344
1.5343642897898235,52.55862160054689,0.8210231955181909,5.0,84.72137433432309,-0.08833757546393589,7.42673434926673,0.17705753404901103,4.0,1819.0052604136547,-1305.548747878276
9.74091700824828,48.200824229698114,2.1336546257580635,4.0,21.71051316625416,-0.08504844666836817,2.0748766054948713,0.5417011551256691,3.0,1222.433552846622,-371.47642584990353
4.238958493035061,51.78669887234107,2.2080081256362494,7.0,59.07767436266653,-0.6617695275456418,5.032256476697623,0.17574296196238876,1.0,1904.8727111124326,-778.1219682388107
0.6314389459318814,51.60670870767415,0.298246809879804,7.0,27.14888853089124,-2.053717502143704,3.095113124695568,0.4339968327251207,2.0,1915.5469194250118,-490.23880076812424
4.915864844530465,42.48362479926373,0.9689047645681981,8.0,91.380737561166,-0.8550638499699241,4.37716981705728,0.21960014903681804,3.0,1842.5473228994629,-1104.9991477599322
2.883433738314306,44.95708616409301,4.284438013316707,4.0,13.708449678111762,1.1022346779200487,1.700752105026681,0.019425024960099027,2.0,1522.5363211907643,-471.70010623630645
2.1161633079315836,42.5962745488143,2.117585020565432,7.0,-33.339544692897476,1.0646672613962322,3.133214452279065,0.31759526085711404,2.0,1553.650041370282,-365.045788147249
2.0743238090945026,46.21700916079293,2.901462567957435,6.0,50.364345164387004,-0.8998369172994092,3.332288883506957,0.254648556829299,1.0,1723.7228765988748,-1024.3058157824457
5.790205290874577,53.82126782013162,4.532426263599555,3.0,68.8752002547896,-1.1952075680641774,1.4742170288664367,0.509307621280846,2.0,1772.207978269441,-684.2152184860574
5.908502617649928,51.37813700355608,0.9720222220269763,8.0,-1.9720640335639104,-1.2195231649752407,1.9331683290984178,0.1608188499725171,5.0,1572.5482466660587,-344.86376538796696
8.880644909969506,45.89128017151494,0.9668320088018452,7.0,59.0043344882734,0.0763524697213153,4.064916223784596,0.15958581600718771,5.0,1107.351231395526,-727.7488612916618
1.0983295563651851,49.7870528969489,0.3121075723584516,4.0,48.46030957084858,-2.1069351866327386,3.581890637044154,0.17948200885391205,6.0,1546.7826344244656,-762.9890891612527
4.963021388561344,49.80855127711538,0.3041485475371436,4.0,62.87357554298089,1.3957462109119827,6.460698803455782,0.1030686100167586,5.0,1184.2927395924496,-727.2902672163518
2.901322635135366,47.80197212915586,5.769272334608641,6.0,21.260303008727362,-0.6648005554603948,3.9590124001821794,0.10435851716714237,3.0,1513.9492323701622,-566.7796270038496
4.858514520459515,45.931950663730255,1.6309947505351565,6.0,-16.29279813161145,-0.4605446681121722,2.292996095881629,0.10326435091083977,3.0,1520.508127632866,-557.3399744494666
9.485194794601078,49.031252876495046,2.1253687210406658,9.0,79.39350506543835,0.1290571112830987,1.1601350198039382,0.3351638230449332,4.0,1063.3534891150316,-962.1075062591567
9.265090200842696,52.713813187630734,2.638218560674469,7.0,56.271252361282166,2.1928664534035196,2.124571577093938,0.5787317942133594,4.0,1910.5360245265001,-970.3497271023324
7.601007353505792,50.19922216649222,2.3460491678543725,8.0,89.01714104561674,1.1575423479867357,2.357436061919709,0.5223997350296814,3.0,1427.5960340599922,-756.9709212659329
7.82025993303847,52.874563474115405,5.715689066445612,6.0,6.8199338064945465,0.24883740450703098,5.276993367234171,0.3192536047452862,2.0,1695.4758773137314,-672.1479953091737
2.779079474190187,58.05881139437317,0.20447459285818145,7.0,-44.61021845197302,0.9697368185857265,6.668943456001691,0.2623094529616878,1.0,1988.6156274112682,-650.5694701694777
5.176215323018064,54.269796456107834,0.9583067377970041,7.0,11.753491526775846,1.6244552041858356,3.7155163633162114,0.11124722789797735,2.0,1477.9189519659074,-325.8384218597322
8.045814861807466,54.855412439278126,0.26067205555074546,7.0,29.48215566924378,-0.8340517706388529,5.26155096499414,0.24024856845906736,2.0,1526.202380834795,-738.6062158607024
7.660104897954417,46.806618273854255,2.2364615789653888,3.0,-62.08713550745926,0.4701697775887366,4.518860352462782,0.27606939748604775,3.0,1279.9868842468431,-336.13558368385895
5.736618252200245,58.20390197956142,5.431536555268266,10.0,-15.714907081006288,0.3884288205819874,1.5240665094859749,0.7162442258838578,1.0,1360.8779818814023,-464.4591630479846
8.514198015038584,50.14060475829057,0.46987695639727717,7.0,-77.42326724497919,0.6192898595955351,3.5232616100717373,0.060016749663828944,1.0,1730.961890445742,-19.659632634036967
8.520256613739633,51.535483344624836,0.10978050236980952,4.0,74.39870083607883,0.06787524014645571,1.229909669415072,0.1318245012548543,4.0,1161.9816473389974,-544.2008011020819
3.7111836892148373,38.14173349121223,1.0550601548347054,6.0,78.92746626769,-0.3215924312515649,5.31244195675943,0.10636227772123273,7.0,1143.830821137612,-681.7524835686819
4.571027745221123,46.602568083849036,1.0079698736346117,5.0,0.5284451035372655,-1.5648038976915242,1.9251927367097184,0.31948106440171353,2.0,1583.8508560907317,-608.1453659855276
3.0118241820943825,50.87488259293125,1.2214372292388291,7.0,56.301632255543126,-0.21457936658560386,1.498946894310763,0.38548942526631474,1.0,1343.871116038625,-766.4930393770309
8.105287147557956,45.58825516574394,2.1763221996858433,8.0,76.4102816690019,0.33426056895368983,1.2105257136686185,0.6152719419296332,3.0,1311.7883664672026,-441.05830543627394
4.937820635522305,47.94687715161014,0.7900270133285829,4.0,-83.82264585512934,-0.6520177547195176,2.2486220421265837,0.16785017759005186,3.0,1269.7554580410479,110.84686984254787
5.629788204485953,47.163887842335555,0.567547284948279,5.0,-52.468040449493294,0.8265372222488229,3.624307593772202,0.09984514612721794,4.0,1313.9758537563098,-176.30002091311144
4.818272469415234,57.5408005567815,1.0331133644473176,7.0,-14.384331949207166,0.7067753936766268,4.72351977699418,0.2356553252151943,0.0,1574.7860205496663,-273.6875057861582
2.538212652794656,47.60129208132359,2.44133224417797,5.0,-51.74000403587997,0.2715391757892378,1.5504306301476158,0.29029564131072905,3.0,1126.7018539089943,-199.9992788883663
9.835274604353799,45.15665049505588,2.206086918692547,5.0,18.563407569503923,-0.6920490316918759,2.963370313922935,0.4577475311704285,1.0,1420.15935518621,-602.1997984582786
5.507598845614244,51.94104975742535,6.694244233893419,11.0,95.10745510297232,-0.7655129907061267,3.88566038969001,0.3871420372652938,5.0,1060.3217079852473,-788.457233853202
9.69757084144442,45.563575367805036,1.7390866848648878,10.0,-76.06685869685855,0.9980258488349183,4.035223465084207,0.45722693959082583,3.0,1948.2788110319552,-311.6002419868954
2.254540558069994,55.33725036542751,2.450088968320609,6.0,-50.49939489329045,-1.3928390392959775,3.2969545855925584,0.16910478515913926,7.0,1274.218396660676,-255.33062686835797
9.001956105876587,44.93381864329739,6.953385791277979,11.0,-14.923953231178544,0.21007507367710837,2.799146863823471,0.283763862430575,2.0,1668.6303160946468,-90.95343466334049
3.228027832804875,51.22742132886761,1.6631745094820092,7.0,-70.12011262430882,-0.2692516986491815,2.635959702058867,0.4956106298022414,5.0,1627.938121994168,-257.7128818715707
3.295670341833379,45.921633020487896,2.0902826940492387,6.0,11.030398707652523,-0.4415588220770214,1.5817609230463354,0.1680842315186584,5.0,1189.6265233655074,-361.2091075082917
7.131438397344823,50.774905188113664,4.508360190015607,5.0,87.01857415036216,0.5160665383900913,2.838027209126729,0.4677549073935613,0.0,1467.875104469602,-909.064043051255
7.534268329980062,54.46184665018533,0.30595247397182196,5.0,58.164083855126734,0.869640378603783,3.6219178731804913,0.10188087007194949,4.0,1622.7413698615774,-646.2055775572173
9.68779801592391,47.647189887969,1.9150916147623818,7.0,31.712630731993613,-1.5842690690008867,1.3835098711467375,0.2499459777829213,1.0,1466.2676565657032,-465.43410178121627
9.55298279422157,57.33929923527789,0.9019941687036159,5.0,92.15480169983323,-1.9228575910228656,5.643003097610186,0.2371475152554026,4.0,1241.6832888345984,-622.9422050407047
9.310743903641379,57.56099829740853,3.4175433480909923,6.0,-40.59073197401637,0.5592653713374621,2.8776797450890057,0.10112916981453249,2.0,1651.9736813719978,-444.45835005926574
6.374195828926272,49.577841966620305,0.665069039683927,8.0,22.865142134681264,0.4633695402533184,4.262599064118488,0.18942084806675666,2.0,1358.3093979177256,-483.26515190739923
3.999885753655237,51.43989028956503,2.090740383503582,11.0,-39.61434235119907,-0.42714920343361257,2.4955652374726096,0.3244828264153422,3.0,1963.312609026259,-564.5213383200017
1.4026848993931929,46.13437224207529,0.8576036409004799,6.0,-15.752986146988945,-2.3855916217833246,4.975163057115183,0.37855167935388656,0.0,1757.730001600945,-565.3896453616658
3.867914283827687,59.20706791680143,1.0851742801780029,2.0,57.3420028956555,0.4487344258090961,1.801377059770147,0.38891700625255365,2.0,1645.6803886643806,-523.4048218540638
3.151718776108928,59.585251436041986,1.3437081759918954,5.0,-36.89275601552309,0.6346628432757615,3.1200934171419283,0.009865881863272344,6.0,1133.1502715849397,-171.42428368082625
6.11157066339671,53.55112372971422,5.540466044590252,3.0,-7.955389641941849,-0.6241362669284143,0.6495517707073869,0.3128517989787516,3.0,1547.5936835273271,-491.5389207442778
5.579156335922187,57.36708185565365,10.054670871080846,7.0,66.97967853577399,1.7534616766078785,5.159708927912794,0.2532034536002742,1.0,1475.978746326171,-738.3520683612558
1.0974814941835043,51.5578122966323,2.0353805396771003,4.0,38.39597142342325,0.1408274172298143,4.310986295666254,0.19625298208709363,3.0,1391.2240744658184,-561.2365766690937
4.802289924763476,48.49149288493583,1.2437193615074065,3.0,-32.24507173078092,-1.532043782257491,4.225882425312859,0.363489344569922,1.0,1539.0123711594345,-278.8559016258838
8.379647840475323,55.75325316390667,0.6369789879142459,3.0,-72.69605893851184,1.5267271324519918,1.9098157127275224,0.23442074741011412,3.0,1207.5223536726564,-8.725863148108218
6.578253038786692,41.259691884934476,1.1299858666632665,8.0,-48.684787804193405,-1.8418430594689363,3.1155497821067386,0.5040391679380061,5.0,1473.3758110271478,-465.5049966633152
0.6036912141355999,46.61731265640302,1.3680465288826227,5.0,42.018170110898154,-0.25123490842867063,3.0352156924375837,0.05619265752305049,3.0,1196.7968924446436,-722.5157785274653
0.8454721395899423,49.733147215177304,3.2889570946649753,6.0,53.14883387674794,-0.2459158501033455,2.6539865259536577,0.3094701006000361,3.0,1455.8111114559786,-367.7460953121637
1.6739761503130257,40.090337541127205,0.321514124744069,5.0,-26.44342351903468,-0.4392798769497906,1.2555194228709703,0.16478156400807173,7.0,1512.7486744251296,-729.8487588528368
8.251961156423576,53.57749492275921,3.2318986007504993,2.0,-27.63301570400401,2.1615684367976837,4.846537972195309,0.1100518166309325,4.0,1623.2884682299436,-205.29632839125938
9.889773194140968,53.62689617420855,2.367101483857261,4.0,-39.395622147002186,-0.34612884732074267,1.361864840411319,0.23159097941664084,5.0,1096.3591444784133,-158.0172520135703
4.115670926576751,48.790962240423724,1.141887647401007,9.0,-12.329120158891655,1.9694659289419654,0.5955191284131249,0.39675760798295356,2.0,1191.5316465860024,-149.16919874732818
9.888613788938207,49.35417892684149,2.3351514747458775,6.0,31.741052173813188,0.5147056018759993,2.230597482127428,0.8747976485834629,2.0,1072.5080928611621,-489.04205129607556
8.546266037862802,46.3289180181955,2.7971913913165376,10.0,33.84861651234641,-2.235435955761622,3.653968394741979,0.3581513976978843,0.0,1810.930463313916,-471.10770073184506
1.5808613484786005,50.06397248395515,3.2045632139439775,5.0,92.41756463192502,-0.7131550953214238,2.1519587130688267,0.24909403296170549,3.0,1022.1516434886985,-640.3893822751498
7.467424672325398,47.63289914953041,1.3937940170852197,4.0,-35.46094775308771,0.6446802309416564,6.448362473451533,0.391821246606667,5.0,1597.9978965862174,-386.32084873561445
6.043996219997566,53.66955257356362,0.3413365007378634,4.0,81.61883503518348,-1.2073608004424146,4.657189213104842,0.17748142882805185,5.0,1127.6453290997601,-939.2023026703393
5.532082833370082,49.015502750686714,1.3152026817500355,3.0,-95.70311626501264,-1.7471968109699347,3.001830259954075,0.8048811894385028,4.0,1097.7786697862243,42.936434498720594
6.610932666568194,54.459144672275,1.5143192376865187,9.0,-30.316771272781764,1.4099455434964359,7.199135163151098,0.055241716332628976,2.0,1414.8687647930487,-414.1521994251217
9.814513907890438,36.79632870440513,0.3457606241374523,5.0,16.79869592662868,0.3801980639724931,3.269490092095222,0.628347933212291,1.0,1377.7758413752706,-517.2872525217865
1.9058031512536622,43.77787185042898,2.0190205171460933,12.0,-84.4575500243415,-1.7885518113839216,3.0710282024579443,0.49263665390932193,2.0,1230.0138400596577,16.28208193312439
9.445349808771494,49.19416438753939,1.0984902846399898,6.0,-19.096045979964416,-1.3143183316737033,2.310770706520048,0.15006007387518214,2.0,1902.9584385771454,-641.3991290447578
3.398542445612237,65.1707664453062,2.1338621403080817,4.0,1.5405551631062053,1.8304456097605877,1.4387280513882863,0.3487158937766926,2.0,1470.2400411316844,-514.2935258807868
7.739843283561157,43.32058219008081,8.623833554873016,5.0,-33.225282675917796,-0.608854494444132,5.534955502138222,0.21310965898310655,2.0,1185.83924467123,-370.7336625884162
2.7976034898037536,60.7837918506289,2.3235035654204794,4.0,30.658370425713144,-0.08267579279473199,1.3448087672880031,0.061097115932260755,4.0,1495.354261791958,-686.8341423395414
2.4743030247773334,52.253829049076955,1.051443873374242,7.0,-14.813157372735546,-0.9133821219135357,3.6065844095134216,0.2649783591271232,3.0,1705.8015103861844,-530.586023441029
0.619853888973334,56.68071066428794,0.31131022798683194,9.0,-13.923634235358634,-0.3194872097666866,1.2843922076806007,0.5144056813509084,1.0,1637.2951725044734,-691.0196469976537
6.776523330765523,47.31472407659852,0.023732112770888415,7.0,-0.8767587151669858,-0.35998283887750077,3.9246963340496506,0.15116015735447602,2.0,1105.6320660959914,-619.3351142149731
3.6506106876329936,52.414573440274886,7.3335141113812945,8.0,-60.92385845655368,-0.5906219062247321,2.220358707749055,0.3275130180420924,2.0,1852.7589164536657,-458.67949682409426
4.295563863321722,50.48902434165491,0.20469817054277914,6.0,-82.36051040667114,-0.3153534016529349,1.8074242956576925,0.3356005664793284,3.0,1336.586347310179,-35.311697144328676
9.90180915569185,47.3060671441469,0.08444407662482528,7.0,-50.63970325457012,1.6388136865864935,2.430944365354452,0.16040405201549818,3.0,1016.3459465228619,-159.88214269627292
3.1528718769808317,47.8890784088941,0.35612414173080414,4.0,-32.42342774020075,0.7703011098207374,3.049500938821132,0.3919830979648377,2.0,1188.7403691183542,-318.91176346031136
8.236970670802368,50.06199858299254,3.207559293691434,6.0,40.12695859166996,0.23788622954544497,2.9620987419127194,0.1809116522783428,2.0,1527.9736434700264,-589.5238649332246
5.525883248924826,52.60143822322997,2.516259905793635,1.0,48.77543929899929,-0.013460569149432612,3.8382947879984814,0.2130257505160091,0.0,1968.2645716284344,-891.5697158405421
1.2504666193668557,52.21769968195301,0.24860374201640595,4.0,-62.38747924139618,4.054089373472408,2.9432853747076897,0.3738175144367692,2.0,1120.952871778072,-285.9924755653568
2.4698287817034514,45.52340424255501,0.86500176750001,7.0,-77.27149611210737,0.703479422137813,5.211567479034504,0.452899038278998,0.0,1985.008863418936,-361.8233294282678
1.0356079112355598,51.876203137481696,3.3507595729000235,7.0,86.32785160850943,0.8658771374254294,3.7548192429714042,0.084017336462615,3.0,1449.2814661926968,-867.8217922596941
2.398031321665685,49.40447417454812,1.7620036863552793,7.0,44.66223627154707,0.49935103941564546,2.802811408692513,0.16438753697636663,6.0,1187.2014171314593,-492.1473567798573
8.75222155565668,41.23309311403975,1.3049335630313474,7.0,-32.80498291225638,0.7608086934076921,2.527762387826835,0.911954983001128,2.0,1525.6740766964615,-386.0324662700609
8.090079817132596,57.24892705654264,3.0961875968591315,6.0,-87.35635678975295,1.4328605357230237,1.2845299487356996,0.42620364254467336,3.0,1342.6929284473215,-100.72859761662838
5.766159474141648,51.87297385384028,0.47713693218304737,2.0,-28.120721451316342,0.4535455948893057,7.390997068063296,0.5045400649506924,3.0,1082.806336858592,-260.0653097685307
2.6783086850008497,52.2213371890443,0.4918407916087892,7.0,-18.208373968500084,-0.7188284901559207,5.139217247237472,0.05799683784983342,1.0,1958.1784039831732,-561.528047094429
6.546431254431033,53.63864642814644,0.09195906905404494,5.0,59.14046293572383,-1.335031513809324,1.665658183757184,0.08346112686100045,2.0,1332.8498863157604,-592.4278313643949
6.464642133488124,49.09204179914566,0.8033972955103486,5.0,92.70047719327007,0.44223882647595275,7.589416721326756,0.19996137605753156,2.0,1648.6439162746653,-832.5269256398125
6.025264283802344,45.91882995463612,1.985150263520039,6.0,-27.094465747478296,0.7618996098070407,2.1800796421989155,0.036431818958541744,2.0,1866.617415686878,-505.46749706611814
0.08963074922802461,50.51091747030068,1.546238580268636,5.0,55.174655646199824,-1.9519117686219096,1.6777485825804193,0.37439457929064573,3.0,1769.7529303539432,-964.422470836468
2.962193447697569,47.74401930720255,0.04353546651882259,8.0,1.0772678442758803,0.28599376559033923,5.37390433296564,0.26869938246613084,5.0,1937.1029933014056,-688.7903041984121
4.501537946548035,53.936044966566755,1.8364610928437943,5.0,-18.989344316657508,0.06361236263924708,4.4452560803300045,0.2561304611394302,2.0,1160.4581974642917,-219.97232478159614
7.315604327114283,46.542639306042076,0.3674760677902164,8.0,-85.3830922393563,0.2361727883230765,2.266208020012671,0.12752220921333035,5.0,1512.508548031964,-126.6712799424586
5.617823189433061,55.155197478533864,0.06522443154078394,5.0,57.456583712454034,-1.4489246512033958,4.0574448241425385,0.27443516929569395,5.0,1691.200217998789,-761.0087105334646
3.580977445558945,42.39053597238194,0.18245673009990604,6.0,78.92153848444394,1.3696571657540848,4.560749774412214,0.4067909763515296,3.0,1434.237541345169,-1021.3588886766156
8.071436254843231,52.82124386189673,0.11608771813055438,5.0,53.87496287014321,0.24874924242775784,1.7456876670563901,0.5150040491589433,4.0,1075.884240434096,-596.8044191761342
4.602851037162413,49.800393067899726,0.08288767445495615,5.0,-17.375483719463205,0.15160621062898555,1.3662828571616141,0.13128429541858205,3.0,1415.5545362439495,-650.4950834137094
5.154122737421818,53.792725702533225,0.43564080035631847,6.0,-88.44136257013224,-0.060676478275648774,2.5727148027602333,0.15046122032551904,4.0,1624.299567787848,94.05539992486851
6.713923928749065,54.21600351278251,1.1512975345975598,6.0,29.26137130827462,-0.3792656531458573,3.7000396589200286,0.6048996030008099,0.0,1932.8762928292008,-683.0219853233409
2.5958160784050133,49.65682619447607,2.0285900579972234,6.0,-23.420960783374568,-0.7259954493551635,2.355642969232702,0.08202375227296593,3.0,1147.562880424574,-150.56113247616997
5.57031636294763,53.454656252866044,1.2968394173012576,7.0,60.89826779227468,2.0737701557917685,5.428234222943373,0.2194859769127628,3.0,1777.7244097576806,-773.3709583785185
0.647209263629438,51.414759443137875,0.6269390334042337,7.0,26.629532198137824,1.530390301624308,2.2262127078357055,0.6011750531926721,3.0,1424.2300264739588,-779.2716714165125
2.4377269082368667,60.29527670317544,1.1475480872605908,2.0,92.58517007134239,2.6049138811345727,4.459095935260961,0.06998277816130892,6.0,1635.8150098904287,-901.8760431016899
6.741651675624767,47.94571917514441,0.6019886902727081,5.0,42.858892480594704,1.6724574408351365,2.5796491829935833,0.4081200593104983,5.0,1607.2306669844018,-743.8065281334758
9.638882103814213,49.68764467835571,1.2271711820109177,7.0,54.78969181742107,-0.20284662486244276,1.7723676182201207,0.4129274841113798,5.0,1607.9994084469263,-878.5911145650076
3.690072001301279,53.22754033939707,7.484151277733413,7.0,48.699995495105725,0.31194300121470264,5.050471581949993,0.20498261356294584,5.0,1831.680556402362,-908.164832218274
5.487571479837003,54.512121356661986,2.9036649624233353,3.0,-90.59698117722334,0.6332053500000362,5.448096222760809,0.3154301799793252,4.0,1181.2477316370569,181.12320233942603
5.27353719079357,44.51125475092995,1.5551566720334233,9.0,-55.098742770843586,1.8168642923934692,2.742062167612728,0.08129040845856798,2.0,1608.535403161066,-349.77017300889713
3.547621012004579,42.62247383950958,1.2454806488132366,5.0,-7.570166894408487,-0.387171144022407,1.7762114903205193,0.43682430592335586,0.0,1952.5751108712157,-637.9024427020121
6.148515166583186,56.216088547059584,0.33985117975264356,3.0,12.104598823712664,-1.0321541855382792,8.482901328426594,0.28226340668543143,6.0,1224.2793100451627,-349.3201279607118
5.888010708328718,47.66476663026924,1.4641692649183715,3.0,53.02270907206841,-1.0486257099973275,2.8268199497699324,0.26133828675848536,8.0,1006.7217357021044,-471.1110167166565
1.9160038125710999,46.969032896320314,0.2679019166844362,3.0,-17.0532973892102,-0.4539254295167787,3.3359993334481346,0.2402674003264757,4.0,1361.4777917346903,-350.61326969682807
0.9942405458989423,49.33263170864287,1.8795553887450327,4.0,-79.05393315332367,-0.3418238007532064,3.7614180285663243,0.13911474664797158,5.0,1726.1033045189554,-304.4385881775685
3.9281662239919877,45.90546631402174,3.4431446129892507,7.0,-67.73164216609581,0.04621353257723316,12.540731758510876,0.14637116091977093,0.0,1850.5099622494843,-123.49596703325562
3.19959546673392,45.005159624391744,2.0222925864189487,5.0,65.79870780180966,-1.1326874379339935,1.9934001839688649,0.26464518153740324,2.0,1126.452122912457,-607.473912761015
5.064491539113073,53.51569933076152,0.9054949167130902,2.0,-16.315312213125324,-0.9618509038812607,2.300790325978657,0.21330564587202716,3.0,1680.0564043433542,-591.3570644443056
2.1505017342152675,47.475391004211914,3.540911170130476,9.0,72.0810959551435,0.7368090115890027,3.1505294737585885,0.36937589505399154,3.0,1488.9587722053352,-823.982986148801
9.970659791038791,50.200799388439535,3.6380665064984328,7.0,-67.40669019666342,0.806331426089056,1.584235031751443,0.28532530776627113,5.0,1251.0206165254601,-73.87402685965313
3.2717426758005317,43.28357446130491,8.296398759206221,7.0,21.626035036583843,-0.5655259658514847,1.34994603521262,0.09296096070269774,1.0,1861.8474767780713,-623.6728898421215
6.18328429812847,47.92810002193701,0.01887161481719979,7.0,-92.9332629020274,-0.19567978281442402,2.565895390182295,0.27083272903848005,3.0,1121.4530169572297,-40.39773022488884
4.07864819441195,52.29432519992816,0.1138268948345478,5.0,-15.33783652746115,1.0785811299790242,1.5468950402370698,0.18212775687101088,3.0,1299.2663824294075,-346.53288763957903
0.6527118814303812,43.39316319287721,0.4423786803050499,5.0,-59.711135816062935,-0.6564995743286789,1.092028227673516,0.10729997568038149,1.0,1474.380429175714,-298.06711485091745
8.615185927931371,48.57256580557725,1.5716501664974782,8.0,63.60626294890724,-0.7997670201672267,4.185332681708268,0.19491202010175873,4.0,1114.1364526145142,-785.0630022206101
3.8795418948180895,49.029318056171626,4.398164569973906,5.0,-31.376334396203617,0.8883933284049802,5.047634589240189,0.22896721168810766,4.0,1743.5061605646183,-658.3048124186673
3.5157942038368417,53.152071655032366,0.840318434565691,9.0,84.99408858390069,-0.27795298333138013,1.9088184582474326,0.2623156488312878,5.0,1559.0819144268876,-581.8466540821198
0.22149844224493176,50.2919933341027,4.566670895749394,2.0,-6.200768859031228,-0.4840954322783877,2.561820083387012,0.6140489284162972,6.0,1983.3875173417673,-531.3002611390698
5.558821500021967,46.413940753713746,4.3814564056505745,5.0,-91.97266327695934,-1.5229852527267866,1.3336363985541853,0.44889819617689036,2.0,1803.6664090749532,-305.9760903570569
9.584188147186234,55.298422792157325,2.183775061835763,7.0,-63.59014446330933,0.5356884845474792,3.0180043793174813,0.5636003804754289,2.0,1592.74809789536,-303.744163845828
9.424981549525219,47.419373920918574,0.22492520437670158,7.0,0.7227299659044348,-0.47605102369476776,1.3663519592441353,0.16309674654021886,2.0,1383.3205571365345,-352.96644220934013
2.005735952422608,41.88639485903336,0.6373723868517869,2.0,-48.81088213023508,0.740169285090834,2.245832866239943,0.3094650152304585,3.0,1141.6958524550316,-73.35695912027916
6.741113860220448,50.022840751449806,5.071941497915919,5.0,73.91265391275178,-2.1618711378010076,2.542152055182319,0.30872459115164985,4.0,1455.1585865146285,-713.5073577140466
8.096341591926205,48.3814582144005,1.040516470699498,6.0,-11.690058620642091,-0.7773586657872885,1.4009686841410762,0.40480685294443075,2.0,1831.2246720254172,-566.6102339269644
5.372823633007537,52.268019469895776,2.8236214116934497,5.0,-12.356687549131479,0.8229313447915301,2.3500224019447065,0.4952988977922081,3.0,1050.978218856317,-510.4925174898306
6.857312027022883,49.03007534551913,3.5955420738757327,5.0,-74.16492410954527,-0.4834914327993289,5.5820111986297345,0.23526672592149123,5.0,1940.0088812059898,-403.7881890167736
1.0012133016381441,51.86696309578929,3.6068779820549954,5.0,51.61873686557604,-1.1984122272435804,2.831384744355241,0.22795920428176827,1.0,1454.0918934999129,-492.7044888924663
3.0387627880901915,42.24205223458216,4.66434115779016,6.0,-32.01524293433549,0.716706680721176,1.3268930250125748,0.5799601639924576,2.0,1096.4265664743386,-189.21540583811253
6.919468289249945,48.000764710438425,16.643565273911676,6.0,92.3039375540595,-0.40289577678562816,7.236519194354177,0.5153811898372371,4.0,1939.3611138007077,-985.0961249548847
4.735174712578301,51.4627355861607,0.20151666338634647,3.0,78.60508088747105,-0.2704539673983897,2.899568456340427,0.2080748368671049,1.0,1911.979131832427,-752.8467332744684
7.065445253495863,46.556370373629214,0.9800534157348754,3.0,-33.994750523587555,-2.113529913381532,0.8432163405294666,0.3714498471069818,1.0,1942.7566275748416,-360.1304730795242
4.468435360923259,54.513185999642616,0.6091100329284902,4.0,7.627082430203359,0.8824832171910606,1.1021859721877232,0.1167970537511917,1.0,1058.1120996190002,-569.9917826645096
3.1432402582718764,42.377277102951865,0.7660177846423097,9.0,-49.9676996892297,-0.9760415641782034,4.595694213412053,0.07947538874961814,4.0,1679.1126612679432,-371.0951728101544
6.558712109529518,51.273011832299105,0.29898992996117074,4.0,-15.918569911097308,-1.572933303830609,4.051231436458375,0.32740609317961133,1.0,1799.2128227017706,-582.3081088280064
1.8594951098786927,48.190946342447965,2.899274979663999,5.0,41.76876021558414,-1.8375390873120254,2.620232806491771,0.2526710697438594,8.0,1877.6591721745485,-708.4006657792164
0.5773603065323429,47.29945841289835,7.2761960167106325,4.0,-23.673980499277263,-0.6997040167117442,4.649926462252019,0.3091797321809457,3.0,1472.7272114011234,-590.2840562643157
3.301037713398504,51.69341645070002,2.3490139518671995,8.0,53.309962841184046,1.0806714156770725,1.3157702557608162,0.11805120749918636,2.0,1579.841430998402,-680.0334924283633
9.675241968687127,48.8445689291543,4.198756757141539,3.0,47.30764821194197,-0.9092419615919582,2.728877736092883,0.18478978733602808,2.0,1150.7001036207112,-719.4105608956694
5.641545211790174,48.461738348047874,0.22819621432599976,4.0,45.5771272604168,-2.481941184620165,2.260767335423192,0.05560701976367673,3.0,1194.678319434937,-562.5654285676239
9.323430822411584,56.59071966450712,0.5240857637687362,7.0,-1.2069623094541129,-2.03919341360815,3.265905056580047,0.4541407227500839,4.0,1502.2726700502333,-410.39618770771835
2.743266639170847,57.66311133479733,1.963661624352182,4.0,-69.20280272470092,-0.4222106028463292,1.6132565973631576,0.4918438192257589,2.0,1989.578231925133,-452.7834468060372
4.53008913734085,45.73142118183732,1.5615927890332977,8.0,-70.0884890475278,-0.1455145365626956,4.422004482524236,0.11183380831034,2.0,1735.4113336157125,-294.0403519385224
2.1928048488139273,49.02011027359872,0.04244381438331912,8.0,67.27183333761496,-0.5086536703848773,1.7980211308628438,0.21066022156757197,2.0,1377.7771593831687,-586.4288986003559
7.668397631325678,44.945068050881375,2.7855858479464186,7.0,34.72075911533355,-0.9477233290014871,1.1105835485726292,0.38083956788595097,6.0,1392.0241097593962,-562.0563291318334
2.748889595950834,44.31344937842891,2.7315668024841533,8.0,-13.84571298888902,0.13504692110377228,3.2528742841072904,0.25262483318978346,2.0,1325.9538909196524,-518.7712516633894
0.3301088866787705,52.83471207495294,1.6070923802269061,6.0,-6.432002431214073,-1.0767317439042996,6.523026302729963,0.3271274680271096,4.0,1979.4219731708204,-833.4170067755531
7.006785653938036,50.116323920053574,0.08656400665260294,3.0,70.52573810449877,0.033849017746826984,1.6659698025452965,0.14653345255251715,8.0,1196.1089695381138,-732.8488980793592
3.823164285714815,53.18253167869446,3.434319191224096,7.0,77.18347491531438,-0.08738463910325453,1.464332723869103,0.2675380981149151,5.0,1953.453857017651,-874.3795349623906
2.148437837531275,45.70307821543805,1.4884391328212059,2.0,-71.49518146051683,-0.8605386155932055,2.5226427110250618,0.4140724452443958,2.0,1019.9549474593166,-86.66950467089373
4.121860526328428,54.04211341228625,0.39560346101514,9.0,78.49500617999684,1.1199370978718501,1.7022197086790556,0.2301906770786928,2.0,1130.7161112405624,-735.9505487289862
4.498582275964105,50.20778443717561,3.875090247350594,3.0,-46.647326253217415,-1.0836818875279637,2.456096364678946,0.19602002827718612,2.0,1341.36183279144,-263.06878702998506
1.8329970623206049,44.97885511132915,1.0759115017055503,9.0,-99.19492119717171,-1.138083880848722,3.645954974129264,0.07262652347574283,2.0,1782.1775210116998,-161.0582432839252
7.896838929647353,47.23270543875224,0.8256246652088527,3.0,24.1245193130855,1.3832188109101975,1.1424048394539241,0.07998428798314171,5.0,1510.9322288999356,-673.8051225975425
5.832515987848649,59.07013102697636,0.03749829046289177,7.0,-72.8136610672669,1.361182909950691,2.029343867607467,0.11916584894329953,1.0,1253.246250655723,-64.02206628699659
5.3517569398698805,52.16743293042216,0.24802262814627712,8.0,66.96217993146726,2.042394526154012,1.3346624821435669,0.10578293961524429,3.0,1877.1849665930683,-761.2103570590682
5.386194298700206,55.197004815619806,5.007798461448761,5.0,80.49997633655869,-0.33080171138773706,3.4071847047207084,0.43668625682186013,2.0,1890.512694885624,-798.1775004766462
7.594084249483826,49.59340278033155,0.022712669401753014,5.0,34.78415530283752,0.2227026664109157,3.320194548795263,0.6878176412149117,0.0,1585.1046214957933,-603.889233610066
1.3008877719232237,43.688715926525624,0.5675445386355819,6.0,-70.91436461634075,-0.7410418868990235,6.031733557242439,0.2988677907254067,5.0,1361.7125619628953,-140.533900288255
6.915956086743553,56.00583185274053,0.6133713886931266,5.0,-38.809034065803274,1.0066991666726919,2.044584040190768,0.30351817353903227,2.0,1687.662409659461,-566.4180323465929
9.961302125250505,52.817864116506435,0.256060196117628,6.0,15.26664818876435,0.1458954680077243,3.562782575591765,0.4582306540379045,4.0,1165.101891850366,-354.68679743702614
6.18534858491172,52.662913555218516,0.37210471343250023,12.0,-96.75952106237486,-1.8378837499047969,2.00566049199984,0.3061024311415826,4.0,1124.553989491404,172.44710402769596
9.564933552702428,51.06313127640063,0.5710908398234249,10.0,4.008564386383512,0.8029180411256137,1.4265253416994703,0.4312179062619814,5.0,1455.2832150940967,-523.2673247050469
2.6926657993264893,51.935232641245356,0.5775430450779421,6.0,76.94742167847443,-0.32044549690583585,2.2631342129162983,0.23050957420988144,3.0,1706.4414636119193,-788.1224021013378
1.1518128227127622,52.555122356364045,3.7460554491496563,7.0,-50.49190670702459,-0.5983556663298979,3.05699431784749,0.11986503854448062,4.0,1004.9492538188528,33.71956174162432
0.8935882963498787,41.36094176846407,1.2044132889411574,6.0,-34.339040419070116,-0.43322231404940115,5.773521116237028,0.21144783801099848,3.0,1082.019440454567,-468.771924843361
6.072255480491827,58.574136102849366,2.3254571164940714,7.0,64.99234188490871,-1.4072951191255871,2.434664641039838,0.40147504865858935,3.0,1981.2668574080406,-746.511234046347
3.3472239561329973,54.69348177709517,2.654792449000576,5.0,-78.16147649949258,-0.9120390809472632,1.4731832136385394,0.4184493150503504,1.0,1340.1616821403454,-76.14124739173965
2.6355667039105435,46.73602904853955,1.8432430716046682,4.0,87.5105036958692,-0.10087909833412002,3.6947963048335866,0.3547328115135895,1.0,1521.556924893033,-812.9980363047074
8.439493161135115,50.36298108928418,0.4800147685051936,6.0,83.85914758516941,1.066752626106963,1.6794141535137472,0.5423348582657085,4.0,1256.3653233636246,-758.050569492565
1.094941688914015,42.215048234023875,5.769974794018922,7.0,88.65452650148836,0.6459072920921013,0.7844102746509638,0.565076132599955,3.0,1465.6739203659833,-731.2292895967372
1.347663798490607,50.18616779130294,0.09181466443599207,8.0,-2.269390154353303,0.8251544094458335,2.8558635026666823,0.22077163716372813,5.0,1121.990087854609,-374.8595980072071
0.15924208927352024,51.98209866948738,1.2552852231211318,6.0,-24.97217305519544,1.081304950032136,4.553613352875874,0.5848089626839025,6.0,1995.703904642668,-660.5701739639915
4.247514682233521,55.54481618410989,2.7024767418185336,7.0,85.30915283316997,0.19473047364304633,3.8761685079761876,0.321658674229671,1.0,1415.4247892530323,-716.3154623372682
3.1921399013778515,50.251041468533195,1.1922684395597984,5.0,-83.47300108464731,-0.295993339692566,2.7393389110101904,0.3316298750777667,6.0,1442.3939406569893,-405.9586751646001
6.99797273823759,48.99776894522588,3.2243735532139515,9.0,79.89460340496402,1.5124927528008305,1.552573671012229,0.21250714560371695,5.0,1502.0588854644059,-810.4575364268691
0.3161065669281615,48.48041450485779,0.20255315690768108,8.0,30.75715952408808,-1.0558364759856367,3.546311781015629,0.2655285700663736,3.0,1658.9233202013597,-881.1037430420322
8.228314447006005,50.189038611278164,2.717022390234082,7.0,52.95452229968177,0.5206336436459544,3.7067897745008556,0.22335700678235082,3.0,1755.3454319187158,-1012.6801699402921
9.966960746228606,48.577489826940834,6.14249873355824,5.0,-55.808078555553365,0.5342443282943018,1.2320352717715686,0.07752479176116013,8.0,1267.6556023228293,-43.34258547561558
6.040624731995102,52.91061805596767,0.6441673610362018,10.0,-84.50903907861667,0.012412877619441046,3.965784130432041,0.48494052823673917,3.0,1880.2971738662836,-427.46295311464877
5.716530047336962,51.64110699779143,0.35473713820726266,7.0,-4.330432793684793,2.788062605388627,2.2653622518309806,0.8243298724309509,4.0,1569.3965120347966,-385.3792702522255
9.02901359196306,51.162172216405075,2.6350278271008736,4.0,98.87225695357859,0.3227688727502612,1.4721964779433805,0.4968849603731102,5.0,1273.944509315233,-756.6265261486864
0.6818041342843095,50.77109341503871,1.20742754790822,5.0,-19.72610391532079,2.6585502640937686,3.577807178119813,0.3625871797798949,3.0,1938.740780441486,-767.704306693973
7.130131681793158,59.566640624291914,0.6981998371497168,7.0,-88.79573261379252,1.0872750714122612,2.6599444555203147,0.07187566349569788,4.0,1612.2561265581894,-347.39309034701915
9.192072790480724,44.623632268517895,0.6828203049113807,5.0,-39.255771711405174,0.9162477947442876,2.958937210165665,0.30760716740028443,4.0,1324.6232349640854,-132.32417038125533
1.2570168046917507,55.04276180470688,1.4430811890350193,5.0,-27.649580176761688,-1.24125718212735,6.6586943926420075,0.37868156238629086,3.0,1989.0508064332594,-502.4685121165323
7.826801688197387,43.63945351078161,5.6669411711923345,6.0,63.532197883991415,-0.9320060878757213,1.5003424478955485,0.10565011482570587,2.0,1202.2001409860613,-539.2223873859367
3.4961753834113796,66.07722758472907,4.285962013969712,7.0,42.319174488268544,0.9442422515698059,3.471119901988131,0.5789605619654822,1.0,1011.6259048741443,-364.74666532915234
1.6497333599092723,48.02024075043211,0.9224141936240213,8.0,85.01682185446808,-0.48652474237294335,2.5446642041819674,0.024645437102216266,2.0,1128.3412037296757,-590.8221096689249
0.6779155722833252,50.02328855059306,0.16140604600748726,6.0,68.81664986803844,-2.25916534371597,2.9694714586462467,0.16516874415173005,2.0,1027.4473904409667,-494.8915114779242
9.780327984687798,51.315767873930646,1.4034822199798669,5.0,-31.674569169071816,1.1124439026922015,1.577176197909576,0.19477703414321962,3.0,1183.2603140623678,-203.94891916338585
8.296120240731796,52.81393176340964,3.140406865334375,6.0,33.84862626802996,-1.0114765408674697,0.9576675139381183,0.4891042617133213,4.0,1640.7752223225048,-753.7059433364184
7.415824950115455,44.9606230366432,2.564987933735844,5.0,-88.67507156706853,-0.4600402449304864,0.7901963881449735,0.33380143831026515,3.0,1306.1130579417515,-187.63149039997177
6.032389170430273,58.396882446062584,1.210888874462065,6.0,-39.83000048479284,-0.2098065310344622,2.131239963862305,0.3906596923764806,2.0,1437.996550040099,-135.97445301297415
2.8338811995235638,49.423441085028685,6.905329621262284,2.0,9.777233852755131,-0.41618044708511154,1.2672711004194022,0.1376952696066726,2.0,1198.6376743438552,-373.7897574987787
4.691548203356938,52.50557552376559,1.0257885196831795,6.0,-5.062681667459003,-0.22958203048842238,0.7014414989559475,0.19635806597455455,2.0,1745.562955571801,-489.4247967941675
1.4362117454677814,59.73701420029977,1.4808326441474817,6.0,56.94496268936777,1.789744339323162,2.0853036813739876,0.3307761742476389,3.0,1198.8467610458301,-595.261128765642
0.44799168559926716,46.24421828701978,2.2737199223837794,6.0,-44.2366074258552,-1.43496627729124,1.6820754077722466,0.24108616236783462,3.0,1880.4751901976304,-441.89911283042903
7.262265112406611,56.620308218969065,0.33414311901234134,3.0,71.64433073306873,-0.43644807209690356,2.229674831312297,0.40859570257890726,1.0,1718.0889282614276,-779.2007722145365
4.75477581875131,58.872775625379205,0.1773560353587576,6.0,-18.002344607802925,-0.6345680007923753,1.6651572799425545,0.26722157913414357,3.0,1062.0120922339795,-316.2730433784995
9.170693587559315,53.13574092331361,0.7123678904591401,4.0,-13.622985149366414,0.7105083489984355,1.8737121652291817,0.3630784191348733,3.0,1007.4516774871626,-183.94313898773152
1.895447429391135,47.81111268629236,1.990729791403848,5.0,-96.46988418224322,-0.6521899123515418,1.766098167091849,0.49713176749226545,1.0,1597.7296813978905,-298.2027536460758
5.236075563957295,61.250667028649296,0.47303913804768605,5.0,22.69565285546014,-0.29558023426853924,2.0199556091080004,0.19351727622922532,2.0,1074.121347218599,-622.7811016104573
6.763362087889292,56.834126018327176,0.8721391602513863,3.0,-8.504223680338342,-1.751503120208849,1.0233702145872965,0.49565368403459303,1.0,1964.2973963683846,-778.5100763120671
3.6725514520562133,48.05654467055479,4.639105668142512,7.0,-73.67399096974944,0.27319149500210665,2.2654326948671955,0.33517367537698584,4.0,1718.9356973161384,-193.66748920339256
4.094383541190384,50.408264518551064,0.5841507631619507,6.0,55.73298341584345,0.20020088535260736,1.5717361415806097,0.13767690600145766,4.0,1020.0176884998464,-514.6572181651042
9.97726997697355,54.97956689110399,1.7672354901381397,3.0,77.36262720007764,0.7552548895838446,1.2888121176801537,0.3542066293696225,2.0,1552.8986993468234,-842.8027840066137
1.7886390258276719,53.520052085166995,0.8665670095412945,6.0,-56.65198703224505,-0.09718371464409077,1.722643926285542,0.2344976951462278,2.0,1066.6160125037793,-235.77528960746724
2.661343526217146,47.23911091108508,0.7419862470744247,5.0,39.89135195403145,-0.6529859371607741,3.5903753697672034,0.20178002007116383,4.0,1180.943032640633,-429.50190923147164
6.458041129534585,49.141575557235086,0.006539794644853778,6.0,79.94042538957763,-0.7954906082411365,2.255176350170559,0.24679287517175647,2.0,1884.128360427635,-1217.5557854310002
7.505981772660132,56.554155061783746,1.7784854218192003,8.0,-35.03074550883383,0.4719275646719362,2.6888948342172343,0.4834553923847631,2.0,1828.0642084453054,-445.79636902449283
6.622089833988282,53.77289237724944,0.5626862580537603,3.0,-80.99371169838054,-0.11887582550661116,2.9324734460321102,0.31652408283038835,2.0,1398.7671101918172,-35.85322460681458
4.72050996468673,39.29593311961862,0.46042646850458674,8.0,89.88603617325614,2.292294748019758,4.781431773849831,0.37062288308999475,2.0,1342.6923653206109,-655.6160499350251
1.3624210222209776,63.321946467009624,0.7603270845359417,8.0,-30.32769528428858,-1.684083153073155,3.0896900408601358,0.060069951811400166,3.0,1848.3896599640366,-524.7692572301218
0.07673050934953407,51.97909494429173,1.2452245660794377,9.0,59.40028207703003,-0.09469369408640332,6.245511549026121,0.05117642963050706,1.0,1513.881383082235,-713.0369843264647
0.5478468307435014,48.99488788662479,3.586127072534769,7.0,3.1088330977766105,-0.09961578081924406,2.546781549335436,0.20052936121393414,3.0,1403.3483814639048,-526.6112035514706
9.581803967274144,49.89679420268508,0.7214936953944316,6.0,-48.645922482946524,0.7268234655588506,7.903485194344507,0.618631173113338,2.0,1228.5877302285505,-215.23385857309222
0.42443258245118964,53.89924643166877,0.37591735907250723,7.0,-99.57650219900943,0.8240339031554033,3.405473139003805,0.5486889135955686,4.0,1939.2972184345458,-316.3255758656875
2.177090394016915,46.3231569514532,1.2324159542253015,2.0,-81.56768288212015,-0.006179007694391589,3.651342027475385,0.2026213672307014,4.0,1458.238080691493,-241.21860363647397
3.6291872993021643,50.244696761635936,1.3360265242085634,4.0,82.9151062901046,-0.17797083503504224,4.345640330841506,0.17059943333719965,0.0,1301.645228889276,-890.0326243246723
2.9668995139829226,54.79752198030128,1.365898436020197,7.0,-17.346103145205944,-0.8168980445848222,2.782864524291298,0.14323417026451718,6.0,1235.7014109994202,-469.5298297321058
0.6514438286685853,55.008771738280714,3.676524154003129,6.0,8.486757299479208,1.0769757548641967,3.5814947463286377,0.1530982291350735,3.0,1955.3856382651418,-826.1716188075319
8.887952429713243,47.30970957287957,0.6566718523610748,3.0,-62.21684012921382,0.7860756012671555,3.8944001171788014,0.17967321377761014,3.0,1568.5420992585841,-422.10135921499307
4.896742737581691,51.68791432206675,1.1194992511577655,5.0,-69.55167864784653,-0.9311883896214989,2.8095354651211877,0.1433415858941292,2.0,1459.3595307349842,-59.921739039880066
9.376005682605184,54.509658194722164,1.6967528385308632,7.0,-99.81349366073262,0.05578620168200842,4.426708228949852,0.11041440134116219,4.0,1898.1766666593421,-106.15161124913837
4.624392460575618,49.62197965487433,5.548380225441197,8.0,-8.602472796830213,-0.04861447609434502,2.774261673366737,0.2429001592690465,4.0,1831.2852599627809,-755.9020861066174
4.719162187034773,60.26510629523794,1.9811414074854707,7.0,-45.91968341809456,0.6179721338188979,2.2022010699837686,0.21474909688145066,4.0,1455.1120339179065,-485.56069709609466
7.766323061344514,56.401575650766574,0.749378296124392,4.0,29.793337301660586,0.2624548799153814,1.9416635669833648,0.3772113751731883,8.0,1917.487195931296,-674.8622963433158
1.0365812672203512,46.74502301328191,1.605081978911123,5.0,-31.645241826999253,0.008480108045484464,3.8435804997653995,0.10298488539161957,2.0,1517.2942175552848,-387.42907800445755
6.950522988044355,48.8665872530729,1.381215925761608,6.0,-21.494997820328194,-0.14229586721691423,3.468479497988867,0.8664001021083241,4.0,1585.286016287036,-291.6692248586334
4.330766867514112,46.16390701485519,0.16437949531651858,6.0,78.89352804535369,-0.39059673395861066,1.4716288439218796,0.41686569414787894,4.0,1656.5252089075425,-888.4129891692756
2.177725032453276,51.65647136678638,0.5520464528516608,7.0,-58.11637231347988,0.5962514450143825,1.7352515949928993,0.25361737041388127,2.0,1269.4985028253711,-293.11108445139695
6.186773165146669,51.536827004059475,3.023177320446806,5.0,-18.19386267832111,-1.4226818442593765,1.624523358424166,0.3465375405920755,0.0,1070.4825420298719,-252.56438054297604
4.8176832185509735,50.880979640374186,0.933133387742999,8.0,80.48147391041513,-0.6316940500498727,4.610369137069409,0.23095622255315926,6.0,1631.579914966767,-683.5967141301943
3.5089949942023857,50.88744719201744,1.9103494090272708,3.0,-21.924639407562324,-1.1482512876231246,5.071270389188958,0.13135461421759068,3.0,1941.3134514737744,-654.477413949605
9.00300954598926,51.72064489533814,9.694269014426231,7.0,-10.086737997364565,-0.44135546114086627,2.8424113885269917,0.17999010172945684,0.0,1987.1434108607336,-231.88942864145133
6.518424828337147,44.67500318204363,5.1197265367688765,6.0,-35.5668081376692,1.9398512543345376,1.8100961518724275,0.05444113235368144,8.0,1692.9895566894938,-448.60863938085015
5.125470619768979,61.04839912884569,0.08661052800136174,7.0,25.331054289005507,0.6446395750587286,3.0692651693932214,0.15683026776182554,3.0,1324.7269779815194,-720.8134329112754
9.532092123286182,47.541917851560974,0.5512748444665663,5.0,-68.73802962336984,0.32947313720920485,5.44451011839537,0.4984145322410957,8.0,1493.2912699233268,-213.75138983309404
6.663346907727343,52.20171172005736,0.5564619642717911,5.0,52.34657497684222,-1.2132001716890564,2.5158333342196553,0.18728422119387725,3.0,1557.153356775204,-653.6257886407932
0.14084603999755752,44.01083233789262,2.680484313882516,4.0,45.83083120626506,-0.9498300642662171,3.3827781293241714,0.5970757765648395,3.0,1927.592714779788,-1015.886256995252
8.032554324882552,54.14848360835301,3.324756161181256,1.0,18.97116431457559,-0.9561741566538506,1.7120357417663914,0.1461805284622021,3.0,1135.4633043919853,-554.5485686078903
7.421982357743921,48.344178089410676,2.689797209209928,3.0,80.51000841419659,0.5387146345570305,1.3847190639369606,0.2775276238482121,2.0,1143.771704236357,-719.68868706899
6.363958146174999,50.56491577237851,6.337952090930936,2.0,99.16418813885466,-0.4922682678375087,2.789252580035855,0.2593100483128428,3.0,1160.6117184299856,-805.9950205582326
5.483749922782399,54.32523935192624,0.11329255629273492,6.0,-87.19892668035767,-0.21726373031161433,2.6384787700078753,0.21023278553968572,1.0,1833.364977846673,-256.5455062417203
4.822811994520951,49.604180847348324,1.5707132927433896,5.0,89.65569423149614,-1.8854545676230123,2.9280645120755033,0.5521926053295155,3.0,1874.5497322531787,-1056.4776560993591
5.112783529539295,56.110795955917354,0.16014775741383108,6.0,72.67175643443679,0.1173760873021251,0.7832950816265772,0.38338737555076263,3.0,1849.1279598102624,-973.4753982312843
9.292581394511714,54.3793079096172,6.228852836791117,4.0,-4.399624253110957,0.5883893612736631,4.225881856596049,0.18443484295323512,5.0,1203.7869221561134,-410.438864558387
3.085685749961813,54.40926224546528,2.6192659637209665,9.0,19.074152728624256,-0.16474240408721072,3.9543158261031905,0.1808395125435793,3.0,1151.9510361747891,-444.8288073886948
5.785000233565905,52.73650025777944,0.4089268126701854,8.0,77.50098513150385,1.2525758852987443,5.781396098734595,0.257076200511097,1.0,1287.9129971096727,-893.8672303228677
0.4101534853766231,57.48356850341353,0.884057424070118,3.0,39.81965554684871,-0.8862335682075417,2.8973816786759348,0.1323933763019899,1.0,1609.6784294643885,-749.0570717209887
5.585377923137421,48.48717300183188,0.8103470106916331,4.0,-16.19814992019799,-0.208830922691826,4.248916620056434,0.42342463618560827,2.0,1087.0792830451246,-310.8147827254436
1.4026256674987614,55.0819497187282,4.595959551935894,6.0,-24.546626652827896,1.1215811804808054,0.6383068044035602,0.1926979717185841,2.0,1230.126463871075,-232.60077304223228
1.1560868618138542,42.96621748091093,1.0700678477701122,5.0,32.08214561241019,-0.17113776341854323,2.397312691623049,0.3159959214961098,3.0,1510.6457509565525,-656.7395771098829
2.0665804045820577,57.646047367106036,3.3252382169393853,6.0,96.52054367755602,-0.8791510196665108,2.520709280718173,0.40302634810146487,3.0,1271.1363527312276,-980.7948085155233
4.546571572190169,55.151518778707754,0.8652752876476296,7.0,-26.537104252218285,1.3260261965832947,1.0899912748725225,0.42351109029665834,3.0,1668.0409873588728,-458.9174933088788
8.318724598526938,45.64277513307442,2.236794262603036,10.0,-21.59373390404957,0.09739728959974393,2.6022380810138164,0.020636587889430295,3.0,1243.2387656992446,-308.94291267804556
0.7889297465869849,51.719409922269236,1.2072704583433003,6.0,-9.868455638549392,0.8595170402690236,2.6508723701531585,0.2688811662420822,5.0,1374.7342653595215,-459.13232563761085
0.4278100267645102,53.98547848625097,3.4050932982741036,3.0,32.66202698855528,1.2380003006227838,2.6718386079879006,0.028432626790330314,3.0,1268.9820272323582,-501.9752830253161
0.0668425987249055,52.55659807273194,0.0586743245484258,5.0,31.618323289735855,-0.7431547559232883,5.030742784290793,0.44494112403516123,5.0,1681.1771522181853,-786.5086681307206
1.4844859624205198,48.664165781402666,1.2752297565236936,5.0,-27.21487620033625,-0.504978012809674,1.7788218133043034,0.29723324834974274,2.0,1461.065742532132,-564.5201442031396
4.7999695044386606,49.789859264356664,0.7195438463125268,7.0,75.31644254886967,0.3390050370020845,1.5426430879918684,0.580910765000978,3.0,1662.6072376723935,-886.969531867212
8.006799278345255,54.340429525230704,3.582126986359482,4.0,26.99013709624134,-1.1666601191324006,1.9003236516791688,0.22170755938726966,4.0,1325.9353209718784,-628.6902262810717
9.92144064807232,49.12725237626782,4.003764420758178,3.0,-84.1200906687785,0.2816951805964861,2.094593604750407,0.6485987416774017,4.0,1574.5283116450505,-235.3195870732813
5.714632771550049,51.02962104013423,0.2914021830430109,6.0,-28.81802312804716,-0.28587745797577147,2.5088666876245855,0.28882631241651785,5.0,1486.2662130943218,-529.1699678966107
6.897676212934814,53.69014667439926,0.4333812598449211,5.0,-46.99721928516281,-0.7669425788892505,3.0912979755738705,0.17064059277068447,2.0,1917.2759820656597,-491.0389824926501
2.669770658606377,46.77948969986773,9.792959039597003,7.0,75.73130528783386,-1.365949605255029,1.9156260120322015,0.3986826682603291,1.0,1539.7677134086512,-644.283081712393
4.010779921471683,48.489134872114064,1.7962159018376345,8.0,18.623606192112405,0.16029281475438326,4.9801431345678475,0.42985925984677836,3.0,1112.2010332012658,-437.6152356165335
2.5873399022950894,39.19926674523342,0.8938563325179711,5.0,79.55689797233751,-0.7098588771697454,3.461407552099077,0.08941127919162328,1.0,1835.2306751569788,-1060.8927720262734
5.512994612593667,45.80312400452827,1.809945521322185,8.0,-61.151518511606184,0.570475481143095,4.802754173093631,0.13437337477806077,3.0,1121.470109528033,-81.87022025048657
7.463536112576769,39.39461710749333,0.08404103189430956,9.0,12.152521065893552,0.5017681790628482,6.529964444590854,0.6008214937454474,6.0,1668.5050140803003,-765.8894912392863
1.1504155084117584,52.32928215611717,1.3814142557840086,6.0,5.403073461554754,-1.2719349751189812,2.586328425720018,0.3424893880025824,6.0,1584.5506754039463,-578.8905386537577
5.374760717542265,56.360042787349265,2.2389075898740796,7.0,83.26824533910835,-0.1900406579744476,3.0848573689434935,0.09092234486349987,1.0,1619.1050530492178,-637.4118924176842
